movie,tmdbid,imdbid,actor1,actor1_popularity,actor2,actor2_popularity,actor3,actor3_popularity,actor4,actor4_popularity,actor5,actor5_popularity
Toy Story 3,10193,tt0435761,Tom Hanks,27.299,Tim Allen,18.361,Joan Cusack,14.925,Don Rickles,6.514,Wallace Shawn,23.955
Alice in Wonderland,12092,tt0043274,Kathryn Beaumont,3.164,Ed Wynn,5.868,Richard Haydn,5.899,Sterling Holloway,4.586,Jerry Colonna,3.879
Harry Potter and the Deathly Hallows: Part 1,12444,tt0926084,Daniel Radcliffe,24.549,Rupert Grint,11.399,Emma Watson,69.598,Helena Bonham Carter,40.369,Robbie Coltrane,11.869
Inception,27205,tt1375666,Leonardo DiCaprio,24.953,Joseph Gordon-Levitt,20.585,Ken Watanabe,19.69,Tom Hardy,59.898,Elliot Page,20.968
Shrek Forever After,10192,tt0892791,Mike Myers,16.026,Eddie Murphy,13.301,Cameron Diaz,18.596,Antonio Banderas,18.301,Julie Andrews,12.132
The Twilight Saga: Eclipse,24021,tt1325004,Kristen Stewart,28.953,Robert Pattinson,26.955,Taylor Lautner,22.521,Ashley Greene,24.874,Peter Facinelli,17.93
Iron Man 2,10138,tt1228705,Robert Downey Jr.,38.361,Gwyneth Paltrow,15.957,Don Cheadle,12.494,Scarlett Johansson,38.188,Sam Rockwell,13.281
Tangled,38757,tt0398286,Mandy Moore,15.654,Zachary Levi,21.383,Donna Murphy,7.898,Ron Perlman,19.305,M.C. Gainey,4.138
Despicable Me,20352,tt1323594,Steve Carell,18.584,Miranda Cosgrove,32.281,Dana Gaier,7.253,Elsie Fisher,12.425,Jason Segel,9.132
How to Train Your Dragon,10191,tt0892769,Jay Baruchel,19.385,Gerard Butler,18.085,Craig Ferguson,9.923,America Ferrera,10.634,Jonah Hill,14.14
Clash of the Titans,18823,tt0800320,Sam Worthington,21.962,Gemma Arterton,23.064,Mads Mikkelsen,51.526,Alexa Davalos,18.375,Jason Flemyng,18.705
The King's Speech,45269,tt1504320,Colin Firth,13.147,Geoffrey Rush,9.579,Helena Bonham Carter,40.369,Guy Pearce,19.454,Timothy Spall,11.204
The Chronicles of Narnia: The Voyage of the Dawn Treader,10140,tt0980970,Georgie Henley,14.104,Skandar Keynes,14.664,Will Poulter,28.358,Ben Barnes,16.01,Anna Popplewell,15.722
TRON: Legacy,20526,tt1104001,Garrett Hedlund,4.582,Jeff Bridges,17.346,Olivia Wilde,19.984,Bruce Boxleitner,6.755,Michael Sheen,13.665
The Karate Kid,38575,tt1155076,Jaden Smith,7.993,Jackie Chan,26.273,Taraji P. Henson,12.785,Wenwen Han,5.306,Yu Rongguang,14.143
Black Swan,44214,tt0947798,Natalie Portman,20.23,Mila Kunis,20.107,Vincent Cassel,12.325,Barbara Hershey,16.999,Winona Ryder,20.857
Megamind,38055,tt1001526,Will Ferrell,13.839,Brad Pitt,26.942,Tina Fey,7.139,Jonah Hill,14.14,David Cross,20.007
Robin Hood,20662,tt0955308,Russell Crowe,20.111,Cate Blanchett,18.898,Max von Sydow,7.852,William Hurt,23.957,Mark Strong,25.911
The Last Airbender,10196,tt0938283,Noah Ringer,6.614,Dev Patel,9.853,Nicola Peltz,23.985,Jackson Rathbone,15.132,Shaun Toub,9.772
Little Fockers,39451,tt0970866,Robert De Niro,28.296,Ben Stiller,11.792,Owen Wilson,46.143,Dustin Hoffman,12.71,Barbra Streisand,10.282
Resident Evil: Afterlife,35791,tt1220634,Milla Jovovich,16.232,Wentworth Miller,20.167,Ali Larter,24.854,Kim Coates,15.728,Kacey Clarke,11.49
Shutter Island,11324,tt1130884,Leonardo DiCaprio,24.953,Mark Ruffalo,9.185,Ben Kingsley,17.546,Emily Mortimer,12.578,Max von Sydow,7.852
Salt,27576,tt0944835,Angelina Jolie,13.484,Liev Schreiber,11.287,Chiwetel Ejiofor,13.52,Daniel Olbrychski,4.634,August Diehl,7.515
Sex and the City 2,37786,tt1261945,Sarah Jessica Parker,9.893,Kim Cattrall,18.278,Kristin Davis,9.654,Cynthia Nixon,8.98,Chris Noth,15.708
The Tourist,37710,tt1243957,Johnny Depp,50.461,Angelina Jolie,13.484,Paul Bettany,20.208,Timothy Dalton,14.325,Steven Berkoff,10.102
The Expendables,27578,tt1320253,Sylvester Stallone,32.593,Jason Statham,68.171,Jet Li,28.972,Dolph Lundgren,16.016,Eric Roberts,11.505
Grown Ups,38365,tt1375670,Adam Sandler,14.625,Kevin James,18.227,Chris Rock,20.036,David Spade,19.293,Rob Schneider,27.975
Knight and Day 2010 Re-release,,,,,,,,,,,,
True Grit,44264,tt1403865,Hailee Steinfeld,55.775,Jeff Bridges,17.346,Matt Damon,23.323,Josh Brolin,39.186,Barry Pepper,22.121
Gulliver's Travels,38745,tt1320261,Jack Black,23.771,Amanda Peet,17.802,Emily Blunt,22.529,Jason Segel,9.132,Chris O'Dowd,9.549
Percy Jackson & the Olympians: The Lightning Thief,32657,tt0814255,Logan Lerman,18.47,Brandon T. Jackson,8.079,Alexandra Daddario,42.013,Jake Abel,10.256,Pierce Brosnan,42.595
The Social Network,37799,tt1285016,Jesse Eisenberg,30.679,Andrew Garfield,34.741,Justin Timberlake,7.076,Armie Hammer,23.554,Max Minghella,10.976
Valentine's Day,32856,tt0817230,Julia Roberts,18.361,Bradley Cooper,38.912,Anne Hathaway,36.931,Taylor Swift,10.33,Patrick Dempsey,10.251
The Sorcerer's Apprentice,27022,tt0963966,Nicolas Cage,31.357,Jay Baruchel,19.385,Alfred Molina,18.667,Teresa Palmer,17.413,Toby Kebbell,12.326
Due Date,41733,tt1231583,Robert Downey Jr.,38.361,Zach Galifianakis,14.573,Michelle Monaghan,23.375,Jamie Foxx,20.417,Juliette Lewis,16.435
Eat Pray Love,38167,tt0879870,Julia Roberts,18.361,Javier Bardem,24.038,James Franco,11.754,Billy Crudup,19.433,Richard Jenkins,11.093
Yogi Bear,41515,tt1302067,Dan Aykroyd,17.016,Justin Timberlake,7.076,Anna Faris,17.473,Tom Cavanagh,13.7,T. J. Miller,14.522
RED,508947,tt8097030,Rosalie Chiang,9.263,Sandra Oh,16.974,Ava Morse,10.545,Hyein Park,2.092,Maitreyi Ramakrishnan,3.069
Paranormal Activity 2,41436,tt1536044,Sprague Grayden,10.45,Brian Boland,2.73,Molly Ephraim,12.515,Katie Featherston,4.309,Micah Sloat,1.4
The A-Team,34544,tt0429493,Liam Neeson,33.989,Sharlto Copley,11.098,Bradley Cooper,38.912,Quinton Jackson,1.583,Jessica Biel,16.734
Jackass 3D,16290,tt1116184,Johnny Knoxville,19.66,Bam Margera,7.583,Ryan Dunn,6.22,Steve-O,8.298,Chris Pontius,9.584
The Other Guys,27581,tt1386588,Will Ferrell,13.839,Mark Wahlberg,49.465,Eva Mendes,17.84,Michael Keaton,17.975,Steve Coogan,8.401
Unstoppable,44048,tt0477080,Denzel Washington,33.586,Chris Pine,29.596,Rosario Dawson,22.564,Kevin Dunn,10.082,Lew Temple,7.469
Step Up,9762,tt0462590,Channing Tatum,22.942,Jenna Dewan,16.087,Damaine Radcliff,3.328,Rachel Griffiths,14.466,De'Shawn Washington,0.669
The Book of Eli,20504,tt1037705,Denzel Washington,33.586,Gary Oldman,27.283,Mila Kunis,20.107,Ray Stevenson,6.964,Jennifer Beals,29.31
The Town,23168,tt0840361,Ben Affleck,23.439,Rebecca Hall,27.441,Jeremy Renner,47.118,Jon Hamm,16.214,Blake Lively,12.53
Date Night,35056,tt1279935,Steve Carell,18.584,Tina Fey,7.139,Mark Wahlberg,49.465,Taraji P. Henson,12.785,Jimmi Simpson,15.489
The Secret World of Arrietty,51739,tt1568921,Mirai Shida,6.495,Ryunosuke Kamiki,9.834,Tomokazu Miura,4.724,Keiko Takeshita,6.592,Kirin Kiki,2.649
Legend of the Guardians: The Owls of Ga'Hoole,41216,tt1219342,Jim Sturgess,7.639,Ryan Kwanten,8.846,Hugo Weaving,26.212,Helen Mirren,17.793,Geoffrey Rush,9.579
The Wolfman,7978,tt0780653,Benicio del Toro,15.254,Anthony Hopkins,20.548,Emily Blunt,22.529,Hugo Weaving,26.212,Cristina Contes,3.123
The Bounty Hunter,27573,tt1038919,Gerard Butler,18.085,Jennifer Aniston,17.122,Peter Greene,14.069,Jeff Garlin,9.158,Jason Sudeikis,8.331
Saw: The Final Chapter,41439,tt1477076,Tobin Bell,19.7,Costas Mandylor,10.318,Betsy Russell,15.967,Cary Elwes,19.0,Sean Patrick Flanery,12.141
Wall Street: Money Never Sleeps,33909,tt1027718,Michael Douglas,9.193,Shia LaBeouf,15.34,Josh Brolin,39.186,Carey Mulligan,14.494,Frank Langella,9.406
The Adjustment Bureau,38050,tt1385826,Matt Damon,23.323,Emily Blunt,22.529,John Slattery,11.025,Anthony Mackie,17.839,Michael Kelly,7.629
Predators,34851,tt1424381,Adrien Brody,15.374,Topher Grace,9.624,Alice Braga,33.869,Oleg Taktarov,6.054,Laurence Fishburne,30.531
A Nightmare on Elm Street,377,tt0087800,Heather Langenkamp,9.17,Robert Englund,9.363,John Saxon,8.712,Ronee Blakley,5.712,Amanda Wyss,7.963
Dear John,22971,tt0989757,Amanda Seyfried,37.184,Channing Tatum,22.942,Richard Jenkins,11.093,Henry Thomas,17.597,D.J. Cotrona,4.438
Cats & Dogs: The Revenge of Kitty Galore,39691,tt1287468,James Marsden,19.282,Nick Nolte,11.236,Christina Applegate,15.238,Bette Midler,7.907,Pascale Hutton,3.691
Tooth Fairy,23023,tt0808510,Dwayne Johnson,29.99,Stephen Merchant,10.846,Ashley Judd,14.057,Julie Andrews,12.132,Ryan Sheckler,7.898
Sanctum,48340,tt0881320,Richard Roxburgh,13.958,Ioan Gruffudd,18.035,Rhys Wakefield,8.393,Alice Parkinson,4.607,Dan Wyllie,1.62
Harmony,896221,tt15720718,Anna Kendrick,18.19,Justin Timberlake,7.076,Kenan Thompson,11.08,Travis Scott,4.073,Carol Burnett,2.871
Hereafter,44603,tt1212419,Matt Damon,23.323,Cécile de France,12.926,Bryce Dallas Howard,24.741,Thierry Neuvic,4.008,Cyndi Mayo Davis,2.729
Life as We Know It,38408,tt1055292,Josh Duhamel,10.859,Katherine Heigl,17.902,Josh Lucas,10.904,Christina Hendricks,19.454,Hayes MacArthur,3.387
Let the Bullets Fly,51533,tt1533117,Chow Yun-Fat,13.342,Ge You,3.421,Jiang Wen,5.887,Carina Lau,12.2,Chen Kun,8.38
Love & Other Drugs,43347,tt0758752,Jake Gyllenhaal,21.848,Anne Hathaway,36.931,Oliver Platt,16.127,Hank Azaria,10.806,Josh Gad,11.913
Aftershock,123103,tt1780762,Eli Roth,13.95,Andrea Osvárt,8.413,Ariel Levy,1.4,Lorenza Izzo,5.467,Nicolás Martínez,0.98
Umizaru 3: The Last Message,63500,tt1277373,Hideaki Ito,9.538,Ai Kato,1.4,Karina,2.43,,,,
Killers,37821,tt1103153,Ashton Kutcher,15.04,Katherine Heigl,17.902,Tom Selleck,12.879,Catherine O'Hara,17.22,Katheryn Winnick,36.255
Kick-Ass,23483,tt1250777,Aaron Taylor-Johnson,14.255,Chloë Grace Moretz,56.69,Nicolas Cage,31.357,Christopher Mintz-Plasse,9.593,Mark Strong,25.911
Nanny McPhee Returns,35019,tt1415283,Emma Thompson,24.804,Asa Butterfield,18.109,Ralph Fiennes,32.618,Maggie Gyllenhaal,12.685,Maggie Smith,17.595
Get Him to the Greek,32823,tt1226229,Jonah Hill,14.14,Russell Brand,11.873,Rose Byrne,25.865,Elisabeth Moss,10.627,Colm Meaney,5.217
Burlesque,42297,tt1126591,Cher,5.967,Christina Aguilera,3.58,Eric Dane,18.318,Cam Gigandet,12.25,Julianne Hough,8.7
The Last Song,35690,tt1294226,Miley Cyrus,8.196,Greg Kinnear,9.243,Bobby Coleman,7.25,Liam Hemsworth,10.599,Hallock Beals,0.709
Dinner for Schmucks,38778,tt0427152,Steve Carell,18.584,Paul Rudd,34.179,Zach Galifianakis,14.573,Jemaine Clement,11.301,Stephanie Szostak,7.122
Bayside Shakedown 3: Set the Guys Loose,65841,tt1212453,Yuji Oda,2.769,Eri Fukatsu,4.737,Yūsuke Santamaria,1.594,Toshirō Yanagiba,1.844,Atsushi Ito,2.253
Marmaduke,38579,tt1392197,Lee Pace,18.606,Judy Greer,23.295,Owen Wilson,46.143,Emma Stone,40.711,George Lopez,4.881
Piranha 3D,43593,tt0464154,Elisabeth Shue,29.8,Jerry O'Connell,10.482,Steven R. McQueen,10.688,Jessica Szohr,9.576,Kelly Brook,11.413
Oceans,402900,tt5164214,Cate Blanchett,18.898,Sandra Bullock,32.612,Anne Hathaway,36.931,Sarah Paulson,16.392,Awkwafina,44.339
Blades of Blood 2010 Re-release,,,,,,,,,,,,
Edge of Darkness,12201,tt1226273,Mel Gibson,25.645,Ray Winstone,9.559,Shawn Roberts,13.269,Bojana Novaković,9.274,Danny Huston,7.01
Vampires Suck,40264,tt1666186,Jenn Proske,4.317,Chris Riggi,4.917,Matt Lanter,10.947,Ken Jeong,8.844,Kelsey Ford,3.074
Letters to Juliet,37056,tt0892318,Amanda Seyfried,37.184,Gael García Bernal,11.422,Vanessa Redgrave,12.989,Franco Nero,7.734,Luisa Ranieri,9.832
The Back-up Plan,34806,tt1212436,Jennifer Lopez,10.12,Alex O'Loughlin,10.592,Danneel Ackles,6.23,Eric Christian Olsen,6.397,Anthony Anderson,9.136
Diary of a Wimpy Kid,774741,tt13834480,Brady Noon,5.968,Ethan William Childress,1.749,Hunter Dillon,6.839,Erica Cerra,12.558,Chris Diamantopoulos,20.359
If You Are the One 2,56540,tt1810602,Ge You,3.421,Shu Qi,15.112,Sun Honglei,9.005,Yao Chen,4.785,Zhang Hanyu,8.378
Easy A,37735,tt1282140,Emma Stone,40.711,Cam Gigandet,12.25,Amanda Bynes,11.788,Penn Badgley,13.104,Dan Byrd,9.488
Hubble,44992,tt1433813,Leonardo DiCaprio,24.953,,,,,,,,
Pokémon: Zoroark: Master of Illusions,50087,tt1690470,Rica Matsumoto,3.599,Ikue Otani,8.898,Yuji Ueda,4.52,Megumi Toyoguchi,3.097,Etsuko Kozakura,3.332
A Turtle's Tale: Sammy's Adventures,49953,tt1230204,Yuri Lowenthal,7.5,Gemma Arterton,23.064,Isabelle Fuhrman,16.303,Melanie Griffith,9.989,Tim Curry,13.58
The Last Exorcism,38358,tt1320244,Ashley Bell,5.069,Patrick Fabian,12.69,Iris Bahr,3.315,Louis Herthum,4.935,Caleb Landry Jones,16.093
Takers,22907,tt1135084,Idris Elba,26.498,Paul Walker,20.93,Matt Dillon,20.335,Michael Ealy,11.7,Jay Hernandez,18.254
Bestseller,675120,tt5026428,,,,,,,,,,
Legion,22894,tt1038686,Paul Bettany,20.208,Dennis Quaid,13.1,Lucas Black,15.362,Kate Walsh,19.135,Tyrese Gibson,8.218
The American,27579,tt1440728,George Clooney,20.782,Violante Placido,9.548,Thekla Reuten,7.805,Paolo Bonacelli,7.192,Johan Leysen,2.916
The Next Three Days,43539,tt1458175,Russell Crowe,20.111,Elizabeth Banks,14.855,Brian Dennehy,11.834,RZA,9.185,Moran Atias,4.866
Skyline,42684,tt1564585,Eric Balfour,11.774,Scottie Thompson,10.399,David Zayas,12.341,Donald Faison,11.643,Brittany Daniel,10.706
Hot Tub Time Machine,23048,tt1231587,John Cusack,24.753,Rob Corddry,10.778,Craig Robinson,13.723,Clark Duke,8.525,Crispin Glover,15.355
Elite Squad 2: The Enemy Within,,,,,,,,,,,,
Devil,44040,tt1314655,Chris Messina,14.781,Bojana Novaković,9.274,Logan Marshall-Green,14.649,Jacob Vargas,8.263,Bokeem Woodbine,36.536
127 Hours,44115,tt1542344,James Franco,11.754,Kate Mara,18.864,Amber Tamblyn,9.301,Clémence Poésy,12.902,Lizzy Caplan,12.73
Why Did I Get Married Too?,35688,tt1391137,Tyler Perry,7.41,Janet Jackson,4.197,Jill Scott,4.029,Sharon Leal,7.243,Malik Yoba,5.772
The Ghost Writer,11439,tt1139328,Ewan McGregor,15.899,Pierce Brosnan,42.595,Kim Cattrall,18.278,Olivia Williams,13.744,Tom Wilkinson,13.739
Secretariat,39486,tt1028576,Diane Lane,28.946,John Malkovich,14.631,Scott Glenn,19.362,Dylan Walsh,14.797,Fred Dalton Thompson,6.723
Morning Glory,38357,tt1126618,Rachel McAdams,23.696,Harrison Ford,17.858,Patrick Wilson,31.977,Jeff Goldblum,13.337,Diane Keaton,14.502
Green Zone 2010 Re-release,,,,,,,,,,,,
Remember Me,23169,tt1403981,Robert Pattinson,26.955,Emilie de Ravin,12.515,Pierce Brosnan,42.595,Lena Olin,17.324,Chris Cooper,6.765
Cop Out,23742,tt1385867,Bruce Willis,25.856,Tracy Morgan,8.707,Seann William Scott,13.293,Ana de la Reguera,14.337,Adam Brody,12.543
Veda - Atatürk,38613,tt1586001,Serhat Mustafa Kılıç,0.6,Dolunay Soysert,5.901,Burhan Güven,0.6,Fikret Kagan Olcay,0.6,Bartunç Akbaba,0.652
The Crazies,29427,tt0455407,Timothy Olyphant,29.519,Radha Mitchell,11.315,Joe Anderson,8.1,Danielle Panabaker,26.31,Joe Reegan,2.936
Little White Lies,261602,tt0810943,Helen Griffin,1.024,Brian Hibbard,1.4,Sara Gregory,0.6,Jonny Owen,1.87,Mark Lewis Jones,4.933
From Paris with Love,26389,tt1179034,John Travolta,11.259,Jonathan Rhys Meyers,21.518,Kasia Smutniak,11.33,Richard Durden,1.686,Bing Yin,1.003
Detective Dee: The Mystery of the Phantom Flame,48492,tt1123373,Andy Lau,16.233,Li Bingbing,28.462,Deng Chao,6.787,Tony Leung Ka-fai,11.318,Carina Lau,12.2
Conference of Animals,58769,tt0064552,Georg Thomalla,1.631,Horst Sachtleben,1.073,Ernst Fritz Fürbringer,2.112,Rosemarie Fendel,4.588,Bruni Löbel,1.614
Daybreakers,19901,tt0433362,Ethan Hawke,21.79,Sam Neill,27.877,Willem Dafoe,27.4,Claudia Karvan,12.305,Isabel Lucas,14.078
Alpha and Omega,12819,tt1213012,Hayden Panettiere,17.271,Justin Long,18.509,Dennis Hopper,6.965,Christina Ricci,22.166,Danny Glover,9.285
The Switch,41210,tt0889573,Jennifer Aniston,17.122,Jason Bateman,15.545,Jeff Goldblum,13.337,Juliette Lewis,16.435,Todd Louiso,9.348
Space Battleship Yamato,660681,tt4624314,Kenneth Meseroll,0.884,,,,,,,,
She's Out of My League,34016,tt0815236,Jay Baruchel,19.385,Alice Eve,20.455,Mike Vogel,18.383,Krysten Ritter,21.253,Debra Jo Rupp,11.336
Death at a Funeral,34803,tt1321509,Chris Rock,20.036,Martin Lawrence,26.374,Zoe Saldana,26.317,Tracy Morgan,8.707,Regina Hall,12.088
How Do You Know,42888,tt1341188,Reese Witherspoon,14.224,Paul Rudd,34.179,Owen Wilson,46.143,Jack Nicholson,11.245,Kathryn Hahn,18.867
Charlie St. Cloud,37950,tt1438254,Zac Efron,27.031,Charlie Tahan,16.879,Amanda Crew,12.93,Augustus Prew,7.892,Donal Logue,16.325
Heartbreaker,251518,tt0085659,Fernando Allende,1.4,Dawn Dunlap,8.176,Miguel Ferrer,3.891,,,,
Scott Pilgrim vs. the World,22538,tt0446029,Michael Cera,20.608,Mary Elizabeth Winstead,26.06,Ellen Wong,2.962,Kieran Culkin,14.141,Alison Pill,10.067
StreetDance 2,85373,tt1718903,Falk Hentschel,7.801,Sofia Boutella,19.795,George Sampson,1.406,Stephanie Nguyen,0.652,Delphine Nguyen,1.4
Welcome to the South,48415,tt1529235,Claudio Bisio,1.586,Alessandro Siani,3.143,Angela Finocchiaro,2.258,Valentina Lodovini,8.925,Nando Paone,1.47
Machete,23631,tt0985694,Danny Trejo,18.259,Michelle Rodriguez,23.481,Jessica Alba,11.476,Robert De Niro,28.296,Steven Seagal,17.498
Confessions,20048,tt1093908,Isla Fisher,15.923,Hugh Dancy,14.952,Krysten Ritter,21.253,Joan Cusack,14.925,John Goodman,20.197
Avatar 2010 Special Edition,,,,,,,,,,,,
The Man from Nowhere,217669,tt0312946,Sarah Hollis Andrews,0.652,Ronald Adam,1.429,Anthony McCaffery,0.6,Shane Franklin,0.6,Reggie Winch,1.529
Of Gods and Men,46332,tt1588337,Lambert Wilson,14.545,Michael Lonsdale,3.977,Olivier Rabourdin,9.775,Philippe Laudenbach,1.052,Jacques Herlin,1.143
Boy,321258,tt3882082,Lauren Cohan,25.017,Rupert Evans,6.4,James Russell,4.665,Jim Norton,3.706,Diana Hardcastle,5.764
When in Rome,13477,tt1185416,Josh Duhamel,10.859,Kristen Bell,15.307,Anjelica Huston,8.084,Will Arnett,16.336,Jon Heder,13.378
My Name Is Khan,26022,tt1188996,Shah Rukh Khan,14.319,Kajol,8.583,Jimmy Shergill,2.233,Zarina Wahab,1.4,Adarsh Gourav,2.217
Going the Distance,38073,tt1322312,Drew Barrymore,19.158,Justin Long,18.509,Charlie Day,18.088,Jason Sudeikis,8.331,Christina Applegate,15.238
Nodame Cantabile: The Movie II 2010 Re-release,,,,,,,,,,,,
SP: The Motion Picture I,85215,tt1214981,Junichi Okada,10.037,Yoko Maki,6.675,Teruyuki Kagawa,3.829,Satoru Matsuo,2.835,Yuu Kamio,2.344
Kokkuri-san: Gekijô-ban,925119,tt2089722,Mariya Suzuki,0.6,Shizuka Umemoto,0.6,Asuka Kataoka,1.38,Keisuke Yamagata,0.6,Nana Goto,0.6
For Colored Girls,44944,tt1405500,Kimberly Elise,6.118,Janet Jackson,4.197,Loretta Devine,4.886,Thandiwe Newton,29.571,Anika Noni Rose,13.425
Detective Conan: The Lost Ship in the Sky,97375,tt1636815,Minami Takayama,10.806,Kappei Yamaguchi,11.26,Rikiya Koyama,7.883,Wakana Yamazaki,3.604,Megumi Hayashibara,7.296
Secret Reunion,50090,tt1535491,Song Kang-ho,24.694,Gang Dong-won,7.914,Jeon Kuk-hwan,5.413,Park Hyuk-kwon,6.875,Yoon Hee-seok,1.421
Furry Vengeance,35169,tt0492389,Brendan Fraser,13.765,Brooke Shields,18.999,Matt Prokop,9.915,Skyler Samuels,9.163,Ken Jeong,8.844
You Will Meet a Tall Dark Stranger,38031,tt1182350,Gemma Jones,8.025,Pauline Collins,7.748,Anthony Hopkins,20.548,Naomi Watts,27.398,Josh Brolin,39.186
Faster,41283,tt1433108,Dwayne Johnson,29.99,Billy Bob Thornton,13.488,Oliver Jackson-Cohen,6.779,Maggie Grace,22.642,Carla Gugino,32.469
The Kids Are All Right,39781,tt0842926,Julianne Moore,18.698,Annette Bening,21.304,Mark Ruffalo,9.185,Mia Wasikowska,16.802,Josh Hutcherson,9.872
Doraemon The Movie: Nobita's Great Battle of the Mermaid King,,,,,,,,,,,,
The Extraordinary Adventures of Adèle Blanc-Sec,35552,tt1179025,Louise Bourgoin,8.716,Mathieu Amalric,7.364,Gilles Lellouche,5.064,Jean-Paul Rouve,8.876,Jacky Nercessian,1.62
Camping 2,38277,tt1503096,Franck Dubosc,4.273,Richard Anconina,2.345,Mathilde Seigner,8.229,Antoine Duléry,2.636,Claude Brasseur,1.531
Arthur 3: The War of the Two Worlds,42949,tt0940656,Freddie Highmore,35.473,Mia Farrow,13.874,Robert Stanton,6.004,Penny Balfour,5.614,David Gasman,1.4
Dogwood Tree,,,,,,,,,,,,
Leap Year,25195,tt1216492,Amy Adams,19.554,Matthew Goode,18.407,John Lithgow,17.218,Flaminia Cinque,1.96,Tony Rohr,1.343
Potiche,51447,tt1521848,Catherine Deneuve,14.29,Gérard Depardieu,11.863,Fabrice Luchini,5.337,Karin Viard,5.823,Jérémie Renier,5.048
You Again,38303,tt1414382,Kristen Bell,15.307,Jamie Lee Curtis,15.757,Sigourney Weaver,20.314,Odette Annable,19.433,Victor Garber,8.911
Rajneeti,262572,tt4318022,Sathyaraj,1.854,Karan,2.629,Suhani Kalita,0.6,Anika,0.6,Anu Hasan,2.591
The Losers,34813,tt0480255,Jeffrey Dean Morgan,17.9,Zoe Saldana,26.317,Chris Evans,15.319,Idris Elba,26.498,Columbus Short,4.628
The Santa Claus Gang,,,,,,,,,,,,
Sacrifice,631583,tt10004108,Barbara Crampton,9.534,Sophie Stevens,2.191,Ludovic Hughes,1.826,Lukas Loughran,2.232,Johanna Adde Dahl,0.751
The Lady Shogun and Her Men,63462,tt1571235,Kazunari Ninomiya,3.72,Ko Shibasaki,13.234,Maki Horikita,5.425,Tadayoshi Okura,7.413,Aoi Nakamura,2.881
Legend of the Fist: The Return of Chen Zhen,47854,tt1456661,Donnie Yen,16.207,Shu Qi,15.112,Huang Bo,13.595,Anthony Wong,10.318,Yasuaki Kurata,11.001
Ramona and Beezus,38843,tt0493949,Joey King,44.798,Selena Gomez,16.258,John Corbett,7.988,Bridget Moynahan,11.292,Ginnifer Goodwin,12.357
Splice 2010 Re-release,,,,,,,,,,,,
Let Me In,41402,tt1228987,Kodi Smit-McPhee,10.866,Chloë Grace Moretz,56.69,Richard Jenkins,11.093,Elias Koteas,19.178,Sasha Barrese,9.502
Fair Game,11859,tt0113010,William Baldwin,16.802,Cindy Crawford,5.493,Steven Berkoff,13.431,Christopher McDonald,11.714,Miguel Sandoval,13.105
The Roundup,359008,tt0034133,Richard Dix,1.285,Patricia Morison,2.195,Preston Foster,8.666,Don Wilson,2.103,Ruth Donnelly,3.656
Christmas in South Africa,,,,,,,,,,,,
Biutiful,45958,tt1164999,Javier Bardem,24.038,Maricel Álvarez,1.424,Hanaa Bouchaib,0.6,Guillermo Estrella,1.849,Eduard Fernández,2.764
Six Degrees of Celebration,57809,tt1782568,Ivan Urgant,6.29,Sergey Svetlakov,4.056,Vera Brezhneva,7.219,Elena Plaksina,0.6,Aleksandr Golovin,2.88
Elle s'appelait Sarah,53457,tt1668200,Kristin Scott Thomas,14.917,Mélusine Mayance,1.821,Niels Arestrup,6.629,Frédéric Pierrot,2.547,Michel Duchaussoy,1.156
Lottery Ticket,41382,tt0979434,Shad Moss,8.024,Brandon T. Jackson,8.079,Naturi Naughton,8.441,Loretta Devine,4.886,Teairra Mari,3.675
Liar Game: The Final Stage,50461,tt1423953,Erika Toda,9.266,Shota Matsuda,9.175,Megumi Seki,4.371,Michiko Kichise,5.244,Seiichi Tanabe,6.254
The Way Back,529485,tt8544498,Ben Affleck,23.439,Al Madrigal,2.261,Michaela Watkins,6.551,Janina Gavankar,6.567,Glynn Turman,7.846
Nasha Russia. Yaytsa sudby,,,,,,,,,,,,
Da Xiao Jiang Hu,58365,tt1825731,Xiao Shenyang,2.725,Zhao Benshan,1.8,Kelly Lin,6.248,Eric Tsang,9.064,Mark Lee,1.61
Act of Vengeance,66765,tt0072067,Jo Ann Harris,10.275,Peter Brown,6.358,Jennifer Lee Pryor,2.38,Lisa Moore,0.98,Connie Strickland,0.6
Under the Hawthorn Tree,50542,tt1554523,Zhou Dongyu,7.724,Shawn Dou,6.948,Xi Meijuan,4.22,Li Xuejian,1.721,Cheng Taishen,1.976
Recep Ivedik 3,32926,tt1577061,Şahan Gökbakar,8.106,Cihan Culfa,1.4,Zeynep Çamcı,5.255,Ayhan Işık,0.996,,
Villain,163907,tt0080097,Kirk Douglas,9.94,Ann-Margret,9.984,Arnold Schwarzenegger,30.027,Paul Lynde,2.35,Foster Brooks,3.126
A Thousand Words,72358,tt0763831,Eddie Murphy,13.301,Kerry Washington,9.409,Cliff Curtis,16.479,Clark Duke,8.525,Allison Janney,8.247
"Me, Them and Lara",,,,,,,,,,,,
Moss,79554,tt1787731,Sarah Hagan,3.046,Austin Vickers,0.6,Haley Parker,0.6,Haley Strode,1.664,,
22 Bullets,37645,tt1167638,Jean Reno,22.274,Marina Foïs,5.6,Jean-Pierre Darroussin,4.199,Kad Merad,2.603,Joséphine Berry,2.225
Inazuma Eleven GO the Movie: The Ultimate Bonds Gryphon,256395,tt2141749,Jun Fukuyama,10.388,Mitsuki Saiga,4.949,Miyuki Sawashiro,7.584,Yuka Terasaki,2.486,Takashi Oohara,1.03
Just Wright,38093,tt1407061,Queen Latifah,12.416,Common,10.41,Paula Patton,29.455,James Pickens Jr.,9.402,Phylicia Rashād,6.543
My Soul to Take,43931,tt0872230,Max Thieriot,11.918,John Magaro,12.954,Denzel Whitaker,6.791,Zena Grey,10.297,Nick Lashaway,1.4
Our Family Wedding,34563,tt1305583,Forest Whitaker,11.654,America Ferrera,10.634,Carlos Mencia,4.095,Regina King,8.581,Lance Gross,8.788
Astral City: A Spiritual Journey,52333,tt1467388,Werner Schünemann,0.997,Renato Prieto,1.932,Fernando Alves Pinto,4.708,Rosanne Mulholland,2.618,Inez Viana,1.4
71: Into the Fire,51200,tt1587729,Kwon Sang-woo,7.678,Choi Seung-hyun,4.55,Kim Seung-woo,4.752,Cha Seung-won,11.741,Kim Hye-seong,4.277
The Spy Next Door 2010 Re-release,,,,,,,,,,,,
Country Strong,45272,tt1555064,Gwyneth Paltrow,15.957,Garrett Hedlund,4.582,Tim McGraw,11.318,Leighton Meester,11.601,Marshall Chapman,0.6
Beck,60163,tt1587118,Hiro Mizushima,4.448,Takeru Satoh,16.147,Kenta Kiritani,4.61,Aoi Nakamura,2.881,Osamu Mukai,5.94
How Not to Rescue a Princess,52939,tt1796657,Valeri Solovyev,3.165,Anna Geller,2.619,Oleg Kulikovich,1.655,Liya Medvedeva,0.655,Sergei Makovetsky,3.633
About Her Brother,51778,tt1345834,Sayuri Yoshinaga,6.81,Yu Aoi,8.369,Tsurube Shofukutei,0.652,Ryo Kase,3.735,Nenji Kobayashi,4.127
Trick the Movie: Psychic Battle Royale,71485,tt1547631,Yukie Nakama,6.517,Hiroshi Abe,12.72,Katsuhisa Namase,3.828,Takeru Satoh,16.147,Yoko Nogiwa,5.331
Hello Ghost,811704,,Indro,1.62,Hesti Purwadinata,3.07,Tora Sudiro,1.672,Ciara Nadine Brosnan,0.6,Onadio Leonardo,1.4
Another Year,44009,tt1431181,Jim Broadbent,13.829,Lesley Manville,8.994,Ruth Sheen,5.993,Peter Wight,3.207,Oliver Maltman,2.062
Youth in Revolt,22327,tt0403702,Michael Cera,20.608,Portia Doubleday,12.655,Jean Smart,14.257,M. Emmet Walsh,8.536,Steve Buscemi,24.572
Hot Summer Days,37304,tt1519640,Jacky Cheung,11.179,René Liu,4.655,Vivian Hsu,10.301,Barbie Hsu,3.453,Duan Yihong,3.692
Buried,26388,tt1462758,Ryan Reynolds,40.796,José Luis García Pérez,1.156,Robert Paterson,4.467,Stephen Tobolowsky,8.535,Samantha Mathis,11.781
The Servant,42987,tt0057490,Dirk Bogarde,6.799,James Fox,5.493,Sarah Miles,8.194,Wendy Craig,7.892,Catherine Lacey,1.754
Norwegian Wood,57703,tt1270842,Kenichi Matsuyama,7.612,Rinko Kikuchi,14.835,Kiko Mizuhara,4.891,Reika Kirishima,7.678,Eriko Hatsune,3.212
Head Over Heels,24940,tt0192111,Monica Potter,15.515,Freddie Prinze Jr.,15.54,Shalom Harlow,7.619,Ivana Miličević,22.149,Sarah Murdoch,1.936
