,Movie Title,year,ur
63,Aftershock,2010,https://en.wikipedia.org/wiki/Aftershock_(2010_film)
64,Umizaru 3: The Last Message,2010,https://en.wikipedia.org/wiki/Umizaru_3:_The_Last_Message
72,Bayside Shakedown 3: Set the Guys Loose,2010,https://en.wikipedia.org/wiki/List_of_highest-grossing_Japanese_films
80,If You Are the One 2,2010,https://en.wikipedia.org/wiki/If_You_Are_the_One_2
83,Pokémon: Zoroark: Master of Illusions,2010,
84,A Turtle's Tale: Sammy's Adventures,2010,https://en.wikipedia.org/wiki/A_Turtle%27s_Tale:_Sammy%27s_Adventures
99,Veda - Atatürk,2010,
111,Heartbreaker,2010,https://en.wikipedia.org/wiki/Heartbreaker_(2010_film)
113,StreetDance 2,2012,https://en.wikipedia.org/wiki/StreetDance_2
115,The Man from Nowhere,2010,https://en.wikipedia.org/wiki/The_Man_from_Nowhere_(2010_film)
120,SP: The Motion Picture I,2011,https://en.wikipedia.org/wiki/List_of_motion_picture_film_stocks
121,Kokkuri-san: Gekijô-ban,2010,
123,Detective Conan: The Lost Ship in the Sky,2010,https://en.wikipedia.org/wiki/Detective_Conan:_The_Lost_Ship_in_the_Sky
124,Secret Reunion,2010,https://en.wikipedia.org/wiki/Secret_Reunion
129,The Extraordinary Adventures of Adèle Blanc-Sec,2010,
130,Camping 2,2010,https://en.wikipedia.org/wiki/Camping_2
131,Arthur 3: The War of the Two Worlds,2010,https://en.wikipedia.org/wiki/Arthur_3:_The_War_of_the_Two_Worlds
136,Sacrifice,2020,https://en.wikipedia.org/wiki/The_Sacrifice_(2020_film)
137,The Lady Shogun and Her Men,2010,https://en.wikipedia.org/wiki/Kan_Usuki
144,Liar Game: The Final Stage,2010,https://en.wikipedia.org/wiki/Liar_Game
147,Da Xiao Jiang Hu,2010,https://en.wikipedia.org/wiki/Shih_Kien
148,Act of Vengeance,2010,https://en.wikipedia.org/wiki/Five_Minarets_in_New_York
149,Under the Hawthorn Tree,2010,https://en.wikipedia.org/wiki/Under_the_Hawthorn_Tree_(film)
150,Recep Ivedik 3,2010,https://en.wikipedia.org/wiki/Recep_%C4%B0vedik_3
152,22 Bullets,2010,https://en.wikipedia.org/wiki/22_Bullets
153,Inazuma Eleven GO the Movie: The Ultimate Bonds Gryphon,2010,https://en.wikipedia.org/wiki/Jun_Fukuyama
157,Astral City: A Spiritual Journey,2010,https://en.wikipedia.org/wiki/Astral_City:_A_Spiritual_Journey
158,71: Into the Fire,2010,https://en.wikipedia.org/wiki/71:_Into_the_Fire
161,How Not to Rescue a Princess,2010,https://en.wikipedia.org/wiki/The_Three_Bogatyrs
162,About Her Brother,2010,https://en.wikipedia.org/wiki/Nikki_Grahame
163,Trick the Movie: Psychic Battle Royale,2010,https://en.wikipedia.org/wiki/Trick_(TV_series)
166,Hot Summer Days,2010,https://en.wikipedia.org/wiki/Hot_Summer_Days
170,Head Over Heels,2012,https://en.wikipedia.org/wiki/Head_over_Heels_(2012_film)
232,Hankyu Railways - A 15-minute Miracle,2011,https://en.wikipedia.org/wiki/Kaho_Minami
242,Rien à déclarer,2011,
268,What a Beautiful Day,2011,https://en.wikipedia.org/wiki/Beautiful_Day
271,Beginning of the Great Revival,2011,https://en.wikipedia.org/wiki/DMG_Entertainment
276,A Ghost of a Chance,2011,https://en.wikipedia.org/wiki/A_Ghost_of_a_Chance
277,War of the Arrows,2011,https://en.wikipedia.org/wiki/War_of_the_Arrows
278,Kokowääh,2013,
283,Detective Conan: Quarter of Silence,2011,https://en.wikipedia.org/wiki/Detective_Conan:_Quarter_of_Silence
290,Gantz,2011,https://en.wikipedia.org/wiki/Gantz_(film)
292,SP: The Motion Picture II,2011,https://en.wikipedia.org/wiki/Yugo_Kanno
295,Eiga Kaibutsukun,2011,https://en.wikipedia.org/wiki/The_Monster_Kid
308,Gantz: Perfect Answer,2011,https://en.wikipedia.org/wiki/Gantz_(film)
309,Detective K: Secret of Virtuous Widow,2011,https://en.wikipedia.org/wiki/Detective_K:_Secret_of_the_Virtuous_Widow
312,"All's Well, Ends Well 2011",2011,"https://en.wikipedia.org/wiki/All%27s_Well,_Ends_Well_2011"
316,Doraemon: Nobita and the New Steel Troops: ~Winged Angels~,2011,https://en.wikipedia.org/wiki/Doraemon:_Nobita_and_the_New_Steel_Troops%E2%80%94Winged_Angels
318,My Own Swordsman,2011,https://en.wikipedia.org/wiki/My_Own_Swordsman
319,You Are the Apple of My Eye,2011,https://en.wikipedia.org/wiki/You_Are_the_Apple_of_My_Eye
320,Torrente 4,2011,https://en.wikipedia.org/wiki/Torrente_4:_Lethal_Crisis
322,Unfair: The Answer,2011,https://en.wikipedia.org/wiki/Unfair_2:_The_Answer
323,Yolki 2,2011,https://en.wikipedia.org/wiki/Yolki
325,The Women on the 6th Floor,2011,https://en.wikipedia.org/wiki/The_Women_on_the_6th_Floor
326,A Monster in Paris,2011,https://en.wikipedia.org/wiki/A_Monster_in_Paris
327,Ivan Tsarevich & the Grey Wolf,2011,"https://en.wikipedia.org/wiki/Tsarevitch_Ivan,_the_Firebird_and_the_Gray_Wolf"
330,Eyyvah Eyvah 2,2011,https://en.wikipedia.org/wiki/Eyyvah_Eyvah
331,In His Chart,2011,https://en.wikipedia.org/wiki/Walker_Hayes
334,Andalucia: Revenge of the Goddess,2011,https://en.wikipedia.org/wiki/Andalucia:_Revenge_of_the_Goddess
335,Qualunquemente,2011,https://en.wikipedia.org/wiki/Qualunquemente
336,Friends: Naki on the Monster Island,2011,https://en.wikipedia.org/wiki/Friends:_Mononoke_Shima_no_Naki
337,Kamen Rider OOO Wonderful: The Shogun and the 21 Core Medals,2011,https://en.wikipedia.org/wiki/Kamen_Rider_OOO
338,Gooische vrouwen,2011,https://en.wikipedia.org/wiki/Gooische_Vrouwen_(film)
339,The Immature,2011,https://en.wikipedia.org/wiki/The_Immature
340,K-On! The Movie,2011,https://en.wikipedia.org/wiki/Movie4k
341,Vicky and the Treasure of the Gods,2011,https://en.wikipedia.org/wiki/Vicky_and_the_Treasure_of_the_Gods
342,The Front Line,2011,https://en.wikipedia.org/wiki/The_Front_Line_(2011_film)
345,Scabbard Samurai,2011,https://en.wikipedia.org/wiki/Saya_Zamurai
346,Kaiji 2: The Ultimate Gambler,2011,https://en.wikipedia.org/wiki/Kaiji_(manga)
385,Lost in Thailand,2012,https://en.wikipedia.org/wiki/Lost_in_Thailand
390,Chinese Zodiac,2012,https://en.wikipedia.org/wiki/Chinese_zodiac
418,Brave Hearts: Umizaru,2012,https://en.wikipedia.org/wiki/Brave_Hearts:_Umizaru
428,Thermae Romae,2014,https://en.wikipedia.org/wiki/Thermae_Romae_II
429,One Piece Film Z,2012,https://en.wikipedia.org/wiki/One_Piece_Film:_Z
432,Bayside Shakedown the Final,2012,https://en.wikipedia.org/wiki/Bayside_Shakedown:_The_Final
438,Astérix and Obélix: God Save Britannia,2012,
439,Evangelion: 3.0 You Can (Not) Redo,0,https://en.wikipedia.org/wiki/Evangelion:_3.0_You_Can_(Not)_Redo
446,Wolf Children,2012,https://en.wikipedia.org/wiki/Wolf_Children
451,HOUBA! On the Trail of the Marsupilami,2012,https://en.wikipedia.org/wiki/Houba!_On_the_Trail_of_the_Marsupilami
452,Tad: The Lost Explorer,2012,"https://en.wikipedia.org/wiki/Tad,_The_Lost_Explorer"
453,A Turtle's Tale 2: Sammy's Escape from Paradise,2012,https://en.wikipedia.org/wiki/A_Turtle%27s_Tale:_Sammy%27s_Adventures
456,A Werewolf Boy,2012,https://en.wikipedia.org/wiki/A_Werewolf_Boy
457,Doraemon: Nobita and the Island of Miracles ~Animal Adventure~,2012,https://en.wikipedia.org/wiki/Doraemon:_Nobita%27s_Treasure_Island
458,Detective Conan: The Eleventh Striker,2012,https://en.wikipedia.org/wiki/Detective_Conan:_The_Eleventh_Striker
463,La vérité si je mens! 3,2012,
466,Rurouni Kenshin Part I: Origins,2012,https://en.wikipedia.org/wiki/Rurouni_Kenshin:_The_Beginning
467,Conquest 1453,2012,https://en.wikipedia.org/wiki/Fetih_1453
470,Welcome to the North,2012,https://en.wikipedia.org/wiki/Welcome_to_the_Sticks
475,Adventures in Zambezia,2012,https://en.wikipedia.org/wiki/Zambezia_(film)
477,Three Heroes on Distant Shores,2012,https://en.wikipedia.org/wiki/The_Three_Bogatyrs
481,Bait,2012,https://en.wikipedia.org/wiki/Bait_3D
483,Nameless Gangster: Rules of the Time,2012,https://en.wikipedia.org/wiki/Nameless_Gangster:_Rules_of_the_Time
486,The Floating Castle,2012,https://en.wikipedia.org/wiki/The_Floating_Castle
487,The Dream Team,2012,https://en.wikipedia.org/wiki/Dream_Team
491,The Grand Heist,2012,https://en.wikipedia.org/wiki/The_Grand_Heist
494,All About My Wife,2012,https://en.wikipedia.org/wiki/All_About_My_Wife
496,SPEC: Heaven,2012,https://en.wikipedia.org/wiki/Kippei_Shiina
497,We Were There: True Love,2012,https://en.wikipedia.org/wiki/We_Were_There_(manga)
501,Architecture 101,2012,https://en.wikipedia.org/wiki/Architecture_101
502,Lesson of the Evil,2012,https://en.wikipedia.org/wiki/Lesson_of_the_Evil
503,Agneepath,2012,https://en.wikipedia.org/wiki/Agneepath_(2012_film)
504,Rust and Bone,2012,https://en.wikipedia.org/wiki/Rust_and_Bone
505,Head Over Heels 2,2012,https://en.wikipedia.org/wiki/Head_over_Heels_(Tears_for_Fears_song)
507,Herutâ sukerutâ,2012,
508,The Last Tycoon,2012,https://en.wikipedia.org/wiki/The_Last_Tycoon_(2012_film)
509,Housefull 2,2012,https://en.wikipedia.org/wiki/Housefull_2
512,Liar Game: Reborn,2012,https://en.wikipedia.org/wiki/Liar_Game:_Reborn
513,Türkisch für Anfänger,2012,
515,"Little Brother, Big Trouble: A Christmas Adventure",2012,"https://en.wikipedia.org/wiki/Little_Brother,_Big_Trouble:_A_Christmas_Adventure"
517,Hotaru the Movie: It's Only a Little Light in My Life,2012,https://en.wikipedia.org/wiki/Grave_of_the_Fireflies
520,Unbowed,2012,https://en.wikipedia.org/wiki/La_France_Insoumise
521,Confession of Murder,2012,https://en.wikipedia.org/wiki/Confession_of_Murder
586,Young Detective Dee: Rise of the Sea Dragon,2013,https://en.wikipedia.org/wiki/Lin_Gengxin
598,American Dreams in China,2013,https://en.wikipedia.org/wiki/American_Dreams_in_China
601,Finding Mr. Right,2013,https://en.wikipedia.org/wiki/Finding_Mr._Right
602,The Fighter Pilot,2013,https://en.wikipedia.org/wiki/Fighter_pilot
603,The Attorney,2013,https://en.wikipedia.org/wiki/Ace_Attorney
607,Suck Me Shakespeer,2017,https://en.wikipedia.org/wiki/Fack_ju_G%C3%B6hte
613,Sole a catinelle,2013,https://en.wikipedia.org/wiki/Sole_a_catinelle
616,Stalingrad,2013,https://en.wikipedia.org/wiki/Stalingrad_(2013_film)
629,Firestorm,2013,https://en.wikipedia.org/wiki/Firestorm_(2013_film)
640,Tiny Times 2.0,2013,https://en.wikipedia.org/wiki/Tiny_Times_2
644,Badges of Fury,2013,https://en.wikipedia.org/wiki/Badges_of_Fury
647,The White Storm,2019,https://en.wikipedia.org/wiki/The_White_Storm
649,Secretly Greatly,2013,"https://en.wikipedia.org/wiki/Secretly,_Greatly"
650,"The Chef, The Actor, The Scoundrel",2013,"https://en.wikipedia.org/wiki/The_Chef,_the_Actor,_the_Scoundrel"
651,Doraemon: Nobita's Secret Gadget Museum,2013,https://en.wikipedia.org/wiki/Doraemon:_Nobita%27s_New_Dinosaur
654,Lupin III vs. Detective Conan: The Movie,2013,https://en.wikipedia.org/wiki/Lupin_the_3rd_vs._Detective_Conan:_The_Movie
656,Antoine and Sebastian,2013,https://en.wikipedia.org/wiki/Puppylove_(2013_film)
657,Cold Eyes,2013,https://en.wikipedia.org/wiki/Cold_Eyes
658,Detective Conan: Private Eye in the Distant Sea,2013,https://en.wikipedia.org/wiki/List_of_Case_Closed_films
659,Dügün Dernek,2015,
662,Blind Detective,2013,https://en.wikipedia.org/wiki/Blind_Detective
666,Midsummer's Equation,2013,https://en.wikipedia.org/wiki/Midsummer%27s_Equation
668,The After-Dinner Mysteries,2013,https://en.wikipedia.org/wiki/Wikipedia:Articles_for_creation
671,101 Proposals,2013,https://en.wikipedia.org/wiki/The_101st_Proposal
672,A Wedding Invitation,2013,https://en.wikipedia.org/wiki/A_Wedding_Invitation
673,Silent Witness,2013,https://en.wikipedia.org/wiki/Silent_Witness_(2013_film)
675,Kokowääh 2,2013,
676,The Suspect,2013,https://en.wikipedia.org/wiki/The_Suspect_(2013_South_Korean_film)
677,The Four 2,2013,https://en.wikipedia.org/wiki/Fantastic_Four_(2015_film)
678,The Kiyosu Conference,2013,https://en.wikipedia.org/wiki/The_Kiyosu_Conference
687,We Are the Nobles,2013,https://en.wikipedia.org/wiki/Nosotros_los_Nobles
689,One Night Surprise,2013,https://en.wikipedia.org/wiki/One_Night_Surprise
690,Platinum Data,2013,https://en.wikipedia.org/wiki/Anne_Watanabe
691,Gekijouban SPEC: Kurôzu - Zen no hen,2013,
694,"Me, Myself and Mum",2013,"https://en.wikipedia.org/wiki/Me,_Myself_and_Mum"
698,Out of Inferno,2013,https://en.wikipedia.org/wiki/Out_of_Inferno
699,Bring Happiness Home,2013,https://en.wikipedia.org/wiki/Bring_Happiness_Home
743,Breakup Buddies,2014,https://en.wikipedia.org/wiki/Breakup_Buddies
744,Stand by Me Doraemon,2020,https://en.wikipedia.org/wiki/Stand_by_Me_Doraemon
750,The Taking of Tiger Mountain,2014,https://en.wikipedia.org/wiki/The_Taking_of_Tiger_Mountain
764,The Breakup Guru,2014,https://en.wikipedia.org/wiki/The_Breakup_Guru
773,Fleet of Time,2014,https://en.wikipedia.org/wiki/Fleet_of_Time
782,Tiny Times 3.0,2014,https://en.wikipedia.org/wiki/Tiny_Times_3
783,Gone with the Bullets,2014,https://en.wikipedia.org/wiki/Gone_with_the_Bullets
785,Spanish Affair,2015,https://en.wikipedia.org/wiki/Spanish_Affair_(2014_film)
790,My Old Classmate,2014,https://en.wikipedia.org/wiki/My_Old_Classmate
791,The Bélier Family,2014,
799,The House That Never Dies,2017,https://en.wikipedia.org/wiki/Everybody_Dies_(House)
801,The Pirate Fairy,2014,https://en.wikipedia.org/wiki/The_Pirate_Fairy
802,The Inbetweeners 2,2014,https://en.wikipedia.org/wiki/The_Inbetweeners_2
804,The White Haired Witch of Lunar Kingdom,2014,https://en.wikipedia.org/wiki/The_White_Haired_Witch_of_Lunar_Kingdom
806,Miss Granny,2015,https://en.wikipedia.org/wiki/Miss_Granny
810,Supercondriaque,2014,https://en.wikipedia.org/wiki/Supercondriaque
812,Rurouni Kenshin Part II: Kyoto Inferno,2014,https://en.wikipedia.org/wiki/Rurouni_Kenshin
818,Coming Home,2014,https://en.wikipedia.org/wiki/Coming_Home_(2014_film)
824,Love on the Cloud,2014,https://en.wikipedia.org/wiki/Love_on_the_Cloud
826,The Great Hypnotist,2014,https://en.wikipedia.org/wiki/The_Great_Hypnotist
827,Asterix and Obelix: Mansion of the Gods,2014,https://en.wikipedia.org/wiki/Asterix:_The_Mansions_of_the_Gods
828,Thermae Romae II,2014,https://en.wikipedia.org/wiki/Thermae_Romae_II
829,Detective Conan: The Sniper from Another Dimension,2014,https://en.wikipedia.org/wiki/Detective_Conan:_Dimensional_Sniper
830,Rurouni Kenshin: The Legend Ends,2014,https://en.wikipedia.org/wiki/Rurouni_Kenshin:_The_Final
833,Boonie Bears: To the Rescue,2014,https://en.wikipedia.org/wiki/Boonie_Bears:_To_the_Rescue
835,Recep Ivedik 4,2014,https://en.wikipedia.org/wiki/Recep_%C4%B0vedik_4
845,Kundo: Age of the Rampant,2014,https://en.wikipedia.org/wiki/Kundo:_Age_of_the_Rampant
847,Black & White: The Dawn of Justice,2014,https://en.wikipedia.org/wiki/Black_Is_Black
849,Don't Go Breaking My Heart 2,2014,https://en.wikipedia.org/wiki/Don%27t_Go_Breaking_My_Heart
851,Old Boys: The Way of the Dragon,2014,https://en.wikipedia.org/wiki/Old_Boys:_The_Way_of_the_Dragon
852,Tinker Bell and the Legend of the NeverBeast,2014,https://en.wikipedia.org/wiki/Tinker_Bell_and_the_Legend_of_the_NeverBeast
853,The Four 3,2014,https://en.wikipedia.org/wiki/Micro_Four_Thirds_system
854,Tazza: The Hidden Card,2014,https://en.wikipedia.org/wiki/Tazza:_The_Hidden_Card
855,Mrs. Brown's Boys D'Movie,2014,https://en.wikipedia.org/wiki/Mrs._Brown%27s_Boys_D%27Movie
856,Rise of the Legend,2014,https://en.wikipedia.org/wiki/Rise_of_the_Legend
861,The Fatal Encounter,2014,https://en.wikipedia.org/wiki/The_Fatal_Encounter
863,Pokémon the Movie: Diancie and the Cocoon of Destruction,2014,
864,The Divine Move,2014,https://en.wikipedia.org/wiki/The_Divine_Move
865,Nicholas on Holiday,2014,https://en.wikipedia.org/wiki/Nicholas_on_Holiday
866,Grace of Monaco,2014,https://en.wikipedia.org/wiki/Grace_of_Monaco_(film)
868,Joy of Fatherhood,2014,https://en.wikipedia.org/wiki/Joy_of_Fatherhood
870,Meet Miss Anxiety,2014,https://en.wikipedia.org/wiki/Meet_Miss_Anxiety
874,Kung Fu Jungle,2014,https://en.wikipedia.org/wiki/Kung_Fu_Jungle
875,Hot Road,2014,https://en.wikipedia.org/wiki/Hot_Road
914,Jian Bing Man,2015,https://en.wikipedia.org/wiki/Jian_Bing_Man
919,From Vegas to Macau II,2016,https://en.wikipedia.org/wiki/From_Vegas_to_Macau
928,Mr. Six,2015,https://en.wikipedia.org/wiki/Mr._Six_(film)
939,Chronicles of the Ghostly Tribe,2015,https://en.wikipedia.org/wiki/Chronicles_of_the_Ghostly_Tribe
953,Suck Me Shakespeer 2,2015,https://en.wikipedia.org/wiki/Fack_ju_G%C3%B6hte
955,Wolf Warrior,2017,https://en.wikipedia.org/wiki/Wolf_Warrior_2
959,The Left Ear,2015,https://en.wikipedia.org/wiki/The_Left_Ear
965,A Violent Prosecutor,2015,https://en.wikipedia.org/wiki/A_Violent_Prosecutor
967,Monk Comes Down the Mountain,2015,https://en.wikipedia.org/wiki/Monk_Comes_Down_the_Mountain
968,Zhongkui: Snow Girl and the Dark Crystal,2015,https://en.wikipedia.org/wiki/Zhong_Kui:_Snow_Girl_and_the_Dark_Crystal
971,The Hundred Regiments Offensive,2015,https://en.wikipedia.org/wiki/Hundred_Regiments_Offensive_(film)
979,Forever Young,2017,https://en.wikipedia.org/wiki/Forever_Young_(Alphaville_song)
980,You Are My Sunshine,2015,https://en.wikipedia.org/wiki/You_Are_My_Sunshine_(2015_film)
983,Detective Conan: Sunflowers of Inferno,2015,https://en.wikipedia.org/wiki/List_of_Case_Closed_films
987,Hollywood Adventures,2015,https://en.wikipedia.org/wiki/Hollywood_Adventures
988,"Yo-kai Watch Movie: It's the Secret of Birth, Meow!",2016,https://en.wikipedia.org/wiki/Yo-kai_Watch:_The_Movie
990,The Boy and the Beast,2015,https://en.wikipedia.org/wiki/The_Boy_and_the_Beast
994,Inside Men,2015,https://en.wikipedia.org/wiki/Inside_Men_(film)
995,Boonie Bears Winter,2015,https://en.wikipedia.org/wiki/Boonie_Bears
997,Let's Get Married,2015,https://en.wikipedia.org/wiki/Let%27s_Get_Married_(2015_film)
1006,Spanish Affair 2,2015,https://en.wikipedia.org/wiki/Ocho_apellidos_catalanes
1008,Ex-Files 2: The Backup Strikes Back,2015,https://en.wikipedia.org/wiki/UK_miners%27_strike_(1984%E2%80%9385)
1010,Boruto: Naruto The Movie,2015,https://en.wikipedia.org/wiki/Mitsuki_(Naruto)
1015,The New Adventures of Aladdin,2015,https://en.wikipedia.org/wiki/The_New_Adventures_of_Aladdin
1016,Heidi,2015,https://en.wikipedia.org/wiki/Heidi_(2015_film)
1018,Doraemon: Nobita and the Space Heroes,2015,https://en.wikipedia.org/wiki/Doraemon:_Nobita%27s_Dinosaur
1034,Detective K: Secret of the Lost Island,2015,https://en.wikipedia.org/wiki/Detective_K:_Secret_of_the_Lost_Island
1038,Dügün Dernek 2: Sünnet,2015,
1039,Look Who's Back,2015,https://en.wikipedia.org/wiki/Look_Who%27s_Back_(film)
1040,Serial Teachers 2,2015,https://en.wikipedia.org/wiki/Serial_Teachers_2
1083,From Vegas to Macau III,2016,https://en.wikipedia.org/wiki/From_Vegas_to_Macau_III
1093,Time Raiders,2016,https://en.wikipedia.org/wiki/Time_Raiders
1104,Book of Love,2022,https://en.wikipedia.org/wiki/Crazy_Love_(2022_TV_series)
1117,Line Walker,2019,https://en.wikipedia.org/wiki/Line_Walker_(film)
1124,Shin Godzilla,2016,https://en.wikipedia.org/wiki/Shin_Godzilla
1127,Quo vado?,2016,https://en.wikipedia.org/wiki/Quo_Vado%3F
1131,One Piece Film: Gold,2016,https://en.wikipedia.org/wiki/One_Piece_Film:_Gold
1142,A Chinese Odyssey: Part Three,2016,https://en.wikipedia.org/wiki/A_Chinese_Odyssey_Part_Three
1144,My Beloved Bodyguard,2016,https://en.wikipedia.org/wiki/The_Bodyguard_(2016_film)
1147,Doraemon the Movie: Nobita and the Birth of Japan,2016,https://en.wikipedia.org/wiki/Doraemon:_Nobita_and_the_Birth_of_Japan_2016
1149,Two Is a Family,2016,https://en.wikipedia.org/wiki/Two_Is_a_Family
1150,Luck-Key,2016,https://en.wikipedia.org/wiki/Luck_Key
1157,Boonie Bears: The Big Top Secret,2016,https://en.wikipedia.org/wiki/Boonie_Bears
1159,League of Gods,2016,https://en.wikipedia.org/wiki/League_of_Gods
1163,Love O2O,2016,https://en.wikipedia.org/wiki/Love_O2O_(TV_series)
1166,My Mom Is a Character 2,2016,https://en.wikipedia.org/wiki/My_Mom_Is_a_Character_3
1167,"Crouching Tiger, Hidden Dragon: Sword of Destiny",2016,"https://en.wikipedia.org/wiki/Crouching_Tiger,_Hidden_Dragon:_Sword_of_Destiny"
1169,Mission Milano,2016,https://en.wikipedia.org/wiki/Mission_Milano
1172,Nobunaga Concerto: The Movie,2016,https://en.wikipedia.org/wiki/Nobunaga_Concerto_(film)
1174,Os Dez Mandamentos - O Filme,2016,https://en.wikipedia.org/wiki/List_of_films_based_on_the_Bible
1175,Bounty Hunters,2016,https://en.wikipedia.org/wiki/Bounty_Hunters_(2016_film)
1177,Assassination Classroom: The Graduation,2016,https://en.wikipedia.org/wiki/Assassination_Classroom:_Graduation
1182,A Silent Voice: The Movie,2016,https://en.wikipedia.org/wiki/A_Silent_Voice_(film)
1186,Flight Crew,2016,https://en.wikipedia.org/wiki/Flight_Crew_(film)
1188,Welcome to Germany,2016,https://en.wikipedia.org/wiki/Welcome_to_Germany_(2016_film)
1194,Call of Heroes,2016,https://en.wikipedia.org/wiki/Call_of_Heroes
1197,Soulmate,2016,https://en.wikipedia.org/wiki/Wikipedia:Articles_for_creation
1200,Camping 3,2016,https://en.wikipedia.org/wiki/Camping_3
1203,Spirits' Homecoming,2016,https://en.wikipedia.org/wiki/Spirits%27_Homecoming
1209,Penny Pincher!,2016,https://en.wikipedia.org/wiki/Radin!
1233,Never Say Die,2017,https://en.wikipedia.org/wiki/Never_Say_Die_(2017_film)
1278,Immortal Demon Slayer,2017,https://en.wikipedia.org/wiki/Demon_Slayer
1281,Legend of the Demon Cat,2017,https://en.wikipedia.org/wiki/Legend_of_the_Demon_Cat
1292,Suck Me Shakespeer 3,2017,https://en.wikipedia.org/wiki/Fack_ju_G%C3%B6hte
1293,Detective Conan: Crimson Love Letter,2017,https://en.wikipedia.org/wiki/Case_Closed:_The_Crimson_Love_Letter
1299,Doraemon: Great Adventure in the Antarctic Kachi Kochi,2017,https://en.wikipedia.org/wiki/Doraemon_the_Movie_2017:_Great_Adventure_in_the_Antarctic_Kachi_Kochi
1301,The Founding of an Army,2017,https://en.wikipedia.org/wiki/The_Founding_of_an_Army
1306,Goldbuster,2017,https://en.wikipedia.org/wiki/Goldbuster
1309,Gongjo,2017,https://en.wikipedia.org/wiki/Confidential_Assignment
1312,"I, Tonya",2017,"https://en.wikipedia.org/wiki/I,_Tonya"
1313,1987: When the Day Comes,2017,https://en.wikipedia.org/wiki/1987:_When_the_Day_Comes
1317,Sky Hunter,2017,https://en.wikipedia.org/wiki/Sky_Hunter
1323,Hanson and the Beast,2017,https://en.wikipedia.org/wiki/Hanson_and_the_Beast
1324,Guilty of Mind,2017,https://en.wikipedia.org/wiki/Guilty_of_Mind
1337,Midnight Runners,2017,https://en.wikipedia.org/wiki/Midnight_Runners
1338,Pokémon the Movie: I Choose You!,2017,
1341,"Tad, the Lost Explorer, and the Secret of King Midas",2017,"https://en.wikipedia.org/wiki/Tad,_The_Lost_Explorer"
1344,Destiny: The Tale of Kamakura,2017,https://en.wikipedia.org/wiki/Tsuyoshi_Muro
1345,The Liquidator,2017,https://en.wikipedia.org/wiki/The_Liquidator_(2017_film)
1347,R.A.I.D. Special Unit,2017,https://en.wikipedia.org/wiki/1st_Marine_Infantry_Paratroopers_Regiment
1349,I Want to Eat Your Pancreas,2017,https://en.wikipedia.org/wiki/Let_Me_Eat_Your_Pancreas_(film)
1351,Hindi Medium,2017,https://en.wikipedia.org/wiki/Hindi_Medium
1352,Steel Rain,2017,https://en.wikipedia.org/wiki/Steel_Rain
1353,The Invisible Guest,2017,https://en.wikipedia.org/wiki/The_Invisible_Guest
1358,Alibi.com,2017,https://en.wikipedia.org/wiki/Alibi.com
1359,Sword Art Online the Movie: Ordinal Scale,2017,https://en.wikipedia.org/wiki/Sword_Art_Online_The_Movie:_Ordinal_Scale
1360,Recep Ivedik 5,2017,https://en.wikipedia.org/wiki/Recep_%C4%B0vedik_5
1362,What Happened to Monday,2017,https://en.wikipedia.org/wiki/What_Happened_to_Monday
1369,Love Off the Cuff,2017,https://en.wikipedia.org/wiki/Love_Off_the_Cuff
1375,I Can Speak,2017,https://en.wikipedia.org/wiki/I_Can_Speak
1379,Épouse-moi mon pote,2017,
1405,Hello Mr. Billionaire,2018,https://en.wikipedia.org/wiki/Wikipedia:Articles_for_creation
1418,The Island,2018,https://en.wikipedia.org/wiki/The_Island_(2018_Chinese_film)
1421,Project Gutenberg,2018,https://en.wikipedia.org/wiki/Project_Gutenberg_(film)
1440,Detective Conan: Zero the Enforcer,2018,https://en.wikipedia.org/wiki/Case_Closed:_Zero_the_Enforcer
1444,Boonie Bears: The Big Shrink,2018,https://en.wikipedia.org/wiki/Boonie_Bears
1447,Kill Mobile,2018,https://en.wikipedia.org/wiki/PUBG_Mobile
1458,Doraemon the Movie: Nobita's Treasure Island,2018,https://en.wikipedia.org/wiki/Doraemon:_Nobita%27s_Treasure_Island
1461,Code Blue: The Movie,2018,https://en.wikipedia.org/wiki/Tomohisa_Yamashita
1468,Amazing China,2018,https://en.wikipedia.org/wiki/Amazing_China
1474,L Storm,2018,https://en.wikipedia.org/wiki/L_Storm
1475,Capernaum,2018,https://en.wikipedia.org/wiki/Capernaum_(film)
1477,Andhadhun,2018,https://en.wikipedia.org/wiki/Andhadhun
1480,A or B,2018,https://en.wikipedia.org/wiki/Cardi_B_discography
1481,Go Brother!,2018,https://en.wikipedia.org/wiki/Big_Brother_(2018_film)
1487,Cry Me a Sad River,2018,https://en.wikipedia.org/wiki/Guo_Jingming
1494,Asterix: The Secret of the Magic Potion,2018,https://en.wikipedia.org/wiki/Asterix:_The_Secret_of_the_Magic_Potion
1497,Long Day's Journey Into Night,2018,https://en.wikipedia.org/wiki/Long_Day%27s_Journey_into_Night_(2018_film)
1501,Intimate Strangers,2018,https://en.wikipedia.org/wiki/Intimate_Strangers_(2018_film)
1503,Sink or Swim,2018,https://en.wikipedia.org/wiki/Sink_or_Swim_(2018_film)
1507,Taxi 5,2018,https://en.wikipedia.org/wiki/Taxi_5
1508,Fat Buddies,2018,https://en.wikipedia.org/wiki/Fat_Buddies
1510,Nothing to Lose,2018,https://en.wikipedia.org/wiki/Edir_Macedo
1511,T-34,2018,https://en.wikipedia.org/wiki/T-34
1521,Gintama 2: Rules are Made to be Broken,2018,https://en.wikipedia.org/wiki/Gin_Tama
1522,The Way of the Bug,2018,https://en.wikipedia.org/wiki/Michael_Chan_(actor)
1524,Dark Figure of Crime,2018,https://en.wikipedia.org/wiki/Dark_Figure_of_Crime_(film)
1531,The Faces of My Gene,2018,https://en.wikipedia.org/wiki/The_Faces_of_My_Gene
1536,The Witch: Part 1 - The Subversion,2018,https://en.wikipedia.org/wiki/The_Witch:_Part_1._The_Subversion
1538,Killing for the Prosecution,2018,https://en.wikipedia.org/wiki/Sei_Ashina
1539,Pokémon the Movie: The Power of Us,2018,
1540,The Guernsey Literary and Potato Peel Pie Society,2018,https://en.wikipedia.org/wiki/The_Guernsey_Literary_and_Potato_Peel_Pie_Society_(film)
1541,The Crimes That Bind,2018,https://en.wikipedia.org/wiki/The_Crimes_That_Bind_(2018_film)
1544,Europe Raiders,2018,https://en.wikipedia.org/wiki/Europe_Raiders
1546,Stree,2020,https://en.wikipedia.org/wiki/Wikipedia:Articles_for_creation
1563,"My People, My Country",2019,"https://en.wikipedia.org/wiki/My_People,_My_Country"
1566,The Captain,2019,https://en.wikipedia.org/wiki/The_Captain_(2019_film)
1573,Crazy Alien,2019,https://en.wikipedia.org/wiki/Crazy_Alien
1591,The White Storm 2: Drug Lords,2019,https://en.wikipedia.org/wiki/The_White_Storm_2:_Drug_Lords
1609,P Storm,2019,https://en.wikipedia.org/wiki/P_Storm
1610,Detective Conan: The Fist of Blue Sapphire,2019,https://en.wikipedia.org/wiki/Case_Closed:_The_Fist_of_Blue_Sapphire
1613,Boonie Bears: Blast Into the Past,2019,https://en.wikipedia.org/wiki/Boonie_Bears
1617,The New King of Comedy,2019,https://en.wikipedia.org/wiki/The_New_King_of_Comedy
1623,Serial (Bad) Weddings 2,0,https://en.wikipedia.org/wiki/Wikipedia:Articles_for_creation
1624,One Piece: Stampede,2019,https://en.wikipedia.org/wiki/One_Piece:_Stampede
1635,Eiga Doraemon: Nobita no getsumen tansaki,2019,https://en.wikipedia.org/wiki/Kim_Hyun-joong
1641,My Best Summer,2019,https://en.wikipedia.org/wiki/My_Best_Friend%27s_Wedding
1643,Jade Dynasty,2019,https://en.wikipedia.org/wiki/Jade_Dynasty_(film)
1644,Das perfekte Geheimnis,2019,https://en.wikipedia.org/wiki/List_of_highest-grossing_films_in_Germany
1645,The Big Shot,2019,https://en.wikipedia.org/wiki/Big_Shot_(TV_series)
1652,Song of Youth,2019,https://en.wikipedia.org/wiki/Yungblud
1655,The Legend of Hei,2019,https://en.wikipedia.org/wiki/The_Legend_of_Luo_Xiaohei
1665,A Shaun the Sheep Movie: Farmageddon,2019,https://en.wikipedia.org/wiki/A_Shaun_the_Sheep_Movie:_Farmageddon
1667,Masquerade Hotel,2019,https://en.wikipedia.org/wiki/Masquerade_Hotel
1670,A Witness Out of the Blue,2019,https://en.wikipedia.org/wiki/A_Witness_Out_of_the_Blue
1672,The Queen's Corgi,2019,https://en.wikipedia.org/wiki/The_Queen%27s_Corgi
1677,Fly Me to the Saitama,2019,https://en.wikipedia.org/wiki/Fly_Me_to_the_Saitama
1680,Hit Me Anyone One More Time!,2019,https://en.wikipedia.org/wiki/Hit_Me_Anyone_One_More_Time
1681,Somewhere Winter,2019,https://en.wikipedia.org/wiki/Somewhere_Winter
1683,Two Tigers,2019,https://en.wikipedia.org/wiki/Cape_Town_Tigers
1686,The Wild Goose Lake,2019,https://en.wikipedia.org/wiki/The_Wild_Goose_Lake
1688,Fall In Love At First Kiss,2019,https://en.wikipedia.org/wiki/Fall_in_Love_at_First_Kiss
1689,Kim Ji-young: Born 1982,2019,https://en.wikipedia.org/wiki/Wikipedia:Articles_for_creation
1690,Pokémon: Mewtwo Strikes Back - Evolution,2019,
1691,Almost a Comedy,2019,https://en.wikipedia.org/wiki/Bhool_Bhulaiyaa_2
1695,The Confidence Man JP: The Movie,2019,https://en.wikipedia.org/wiki/Yuko_Takeuchi
1696,Bodies at Rest,2019,https://en.wikipedia.org/wiki/Bodies_at_Rest
1699,Son of a Rich,2019,https://en.wikipedia.org/wiki/John_Rich
1701,Start-Up,2019,https://en.wikipedia.org/wiki/Start-Up_(film)
1705,Little White Lies 2,2019,https://en.wikipedia.org/wiki/Little_White_Lies_(2010_film)
1706,Ossan's Love: Love or Dead,2019,https://en.wikipedia.org/wiki/Ossan%27s_Love
1710,The Knight of Shadows: Between Yin and Yang,2019,https://en.wikipedia.org/wiki/The_Knight_of_Shadows:_Between_Yin_and_Yang
1713,Crazy Romance,2019,https://en.wikipedia.org/wiki/List_of_Crazy_Ex-Girlfriend_episodes
1719,An Officer and a Spy,2019,https://en.wikipedia.org/wiki/An_Officer_and_a_Spy_(film)
1720,Crayon Shin-chan: Honeymoon Hurricane - The Lost Hiroshi,2019,https://en.wikipedia.org/wiki/Wikipedia:Articles_for_creation
1729,Legend of Deification,2020,https://en.wikipedia.org/wiki/Jiang_Ziya_(film)
1730,A Little Red Flower,2020,https://en.wikipedia.org/wiki/A_Little_Red_Flower
1737,Warm Hug,2020,https://en.wikipedia.org/wiki/Wikipedia:Articles_for_creation
1740,Caught in Time,2020,https://en.wikipedia.org/wiki/Caught_in_Time
1741,The Yin-Yang Master: Dream of Eternity,2020,https://en.wikipedia.org/wiki/Wikipedia:Articles_for_creation
1742,Mulan,2020,https://en.wikipedia.org/wiki/List_of_Disney%27s_Mulan_characters
1743,Greenland,2020,https://en.wikipedia.org/wiki/Wikipedia:Articles_for_creation
1744,Tolo Tolo,2020,https://en.wikipedia.org/wiki/Tolo_Tolo
1748,"From Today, It's My Turn: The Movie",2020,https://en.wikipedia.org/wiki/Yuya_Yagira
1749,Trolls 2: World Tour,2020,https://en.wikipedia.org/wiki/Trolls_World_Tour
1750,Tanhaji: The Unsung Warrior,2020,https://en.wikipedia.org/wiki/Tanhaji
1752,The End of Endless Love,2020,https://en.wikipedia.org/wiki/Endless_Love_(2014_American_film)
1758,New Interpretation Records of the Three Kingdoms,2020,https://en.wikipedia.org/wiki/The_Untold_Tale_of_the_Three_Kingdoms
1759,The Confidence Man JP: Princess,2020,https://en.wikipedia.org/wiki/Masahiro_Higashide
1761,My Mom is a Character 3,2020,https://en.wikipedia.org/wiki/My_Mom_Is_a_Character_3
1762,Doraemon the Movie: Nobita's New Dinosaur,2020,https://en.wikipedia.org/wiki/Doraemon:_Nobita%27s_New_Dinosaur
1766,Bath Buddy,2020,https://en.wikipedia.org/wiki/Hu_Xia
1767,Ala Vaikunthapurramuloo,2020,https://en.wikipedia.org/wiki/Ala_Vaikunthapurramuloo_(soundtrack)
1773,Stigmatized Properties,2020,https://en.wikipedia.org/wiki/Noriko_Eguchi
1774,Pokémon the Movie: Secrets of the Jungle,2020,
1780,Takizawa Enbujo Zero,2020,https://en.wikipedia.org/wiki/Yuto_Nakajima
1781,The Promised Neverland,2020,https://en.wikipedia.org/wiki/The_Promised_Neverland
1782,Kaiji: Final Game,2020,https://en.wikipedia.org/wiki/Kaiji:_Final_Game
1783,Hitman: Agent Jun,2020,https://en.wikipedia.org/wiki/Hitman:_Agent_Jun
1784,Digimon Adventure: Last Evolution Kizuna,2020,https://en.wikipedia.org/wiki/Digimon_Adventure:_Last_Evolution_Kizuna
1786,Bye Bye Morons,2020,https://en.wikipedia.org/wiki/Bye_Bye_Morons
1790,Padre no hay más que uno 2: La llegada de la suegra,2020,
1792,Nightlife,2020,https://en.wikipedia.org/wiki/Into_the_Nightlife
1795,Samjin Company English Class,2020,https://en.wikipedia.org/wiki/Samjin_Company_English_Class
1797,Shinchan: Crash! Scribble Kingdom and Almost Four Heroes,2020,https://en.wikipedia.org/wiki/Crayon_Shin-chan:_Crash!_Graffiti_Kingdom_and_Almost_Four_Heroes
1798,Ducobu 3,2020,https://en.wikipedia.org/wiki/L%27%C3%89l%C3%A8ve_Ducobu
1799,Wotakoi: Love Is Hard for Otaku,2020,https://en.wikipedia.org/wiki/Wotakoi:_Love_Is_Hard_for_Otaku_(film)
1802,30 jours max,2020,https://en.wikipedia.org/wiki/Christophe_Cervoni
1803,The Voice of Sin,2020,https://en.wikipedia.org/wiki/The_Inugami_Family
1804,Bigfoot Family,2020,https://en.wikipedia.org/wiki/Bigfoot_Family
1805,Me contro Te - Il film: La vendetta del Signor S,2020,https://en.wikipedia.org/wiki/Rainbow_S.p.A.
1807,Street Dancer 3D,2020,https://en.wikipedia.org/wiki/Street_Dancer_3D
1809,The Asadas,2020,https://en.wikipedia.org/wiki/The_Asadas
1810,Stolen Identity 2,2020,https://en.wikipedia.org/wiki/Tetsushi_Tanaka
1811,10 Days with Dad,2020,https://en.wikipedia.org/wiki/3_Days_with_Dad
1812,Secret Zoo,2020,https://en.wikipedia.org/wiki/Secret_Zoo
1813,365 Days,2020,https://en.wikipedia.org/wiki/365_Days_(2020_film)
1814,Okay Madam,2020,https://en.wikipedia.org/wiki/Yoon_Ji-on
1815,Malasaña 32,2020,
1817,I Hate Summer,2020,https://en.wikipedia.org/wiki/I_Hate_Summer
1819,Les blagues de Toto,2020,https://en.wikipedia.org/wiki/6ter
1820,The Secret Garden,2020,https://en.wikipedia.org/wiki/The_Secret_Garden_(2020_film)
1821,Eltilerin Savasi,2020,https://en.wikipedia.org/wiki/Uraz_Kayg%C4%B1laro%C4%9Flu
1822,Two by Two: Overboard!,2020,https://en.wikipedia.org/wiki/Man_Overboard_(Blink-182_song)
1824,Your Eyes Tell,2020,https://en.wikipedia.org/wiki/Your_Eyes_Tell_(film)
1825,AI Amok,2020,https://en.wikipedia.org/wiki/Alice_Hirose
1826,The Lost Prince,2020,https://en.wikipedia.org/wiki/Philippe_Rousselet
1827,Antoinette dans les Cévennes,2020,
1828,Antebellum,2020,https://en.wikipedia.org/wiki/Antebellum_(film)
1829,The Marriage Escape,2020,https://en.wikipedia.org/wiki/The_Marriage_Escape
1830,The Heist of the Century,2020,https://en.wikipedia.org/wiki/The_Heist_of_the_Century_(film)
1832,Fukushima 50,2020,https://en.wikipedia.org/wiki/Fukushima_50_(film)
1833,"Turu, the Wacky Hen",2020,"https://en.wikipedia.org/wiki/Turu,_the_Wacky_Hen"
1834,Back to the Wharf,2020,https://en.wikipedia.org/wiki/Wharf
1835,Adu,2020,https://en.wikipedia.org/wiki/Ad%C3%BA
1837,Spycies,2020,https://en.wikipedia.org/wiki/Spycies
1838,Jim Button and the Wild 13,2020,https://en.wikipedia.org/wiki/Jim_Button_and_Luke_the_Engine_Driver
1839,Dragon Rider,2020,https://en.wikipedia.org/wiki/Dragon_Rider_(film)
1840,Psy 3: W imie zasad,2020,https://en.wikipedia.org/wiki/Cezary_Pazura
1841,Blood Moon Party,2020,https://en.wikipedia.org/wiki/Oneus
1842,Shubh Mangal Zyada Saavdhan,2020,https://en.wikipedia.org/wiki/Shubh_Mangal_Zyada_Saavdhan
1844,Hammamet,2020,https://en.wikipedia.org/wiki/Enfidha%E2%80%93Hammamet_International_Airport
1845,Lindenberg! Mach dein Ding,2020,https://en.wikipedia.org/wiki/Ruby_O._Fee
1846,Midnight Swan,2020,https://en.wikipedia.org/wiki/Midnight_Swan
1847,Simply Black,2020,https://en.wikipedia.org/wiki/DC_Black_Label
1850,Hotel Belgrade,2020,https://en.wikipedia.org/wiki/Hotel_Belgrade
1851,How to Be a Good Wife,2020,https://en.wikipedia.org/wiki/How_to_Be_a_Good_Wife
1852,The Legacy Of Dr. Death: Black File,2020,https://en.wikipedia.org/wiki/Yoshino_Kimura
1854,Jak zostalem gangsterem. Historia prawdziwa,2020,https://en.wikipedia.org/wiki/Natalia_Szroeder
1857,Klassikokkutulek 2: Pulmad ja matused,2020,https://en.wikipedia.org/wiki/Merle_J%C3%A4%C3%A4ger
1858,Mama Weed,2020,https://en.wikipedia.org/wiki/List_of_slang_names_for_cannabis
1859,Divorce Club,2020,https://en.wikipedia.org/wiki/Eddie_Cibrian
1860,Cindy La Regia,2020,https://en.wikipedia.org/wiki/Cindy_la_Regia
1861,Love Aaj Kal,2020,https://en.wikipedia.org/wiki/Love_Aaj_Kal_(2020_film)
1862,Masked Ward,2020,https://en.wikipedia.org/wiki/Ryohei_Otani
1863,Ayyappanum Koshiyum,2020,https://en.wikipedia.org/wiki/Ayyappanum_Koshiyum
1864,Baba Parasi,2020,https://en.wikipedia.org/wiki/Ya%C4%9Fmur_Tanr%C4%B1sevsin
1865,Die Känguru-Chroniken,2020,
1868,Made in Abyss: Dawn of the Deep Soul,2020,https://en.wikipedia.org/wiki/Made_in_Abyss
1869,Godai - The Wunderkind,2020,https://en.wikipedia.org/wiki/Wikipedia:Articles_for_creation
1870,Military Wives,2020,https://en.wikipedia.org/wiki/Military_Wives_(film)
1871,Streltsov,2020,https://en.wikipedia.org/wiki/Streltsov_(film)
1874,The Vets,2020,https://en.wikipedia.org/wiki/Bondi_Vet
1880,Detective Chinatown 3,2021,https://en.wikipedia.org/wiki/Detective_Chinatown_3
1915,Detective Conan: The Scarlet Bullet,2021,https://en.wikipedia.org/wiki/Detective_Conan:_The_Scarlet_Bullet
1916,Evangelion: 3.0+1.01 Thrice Upon a Time,0,https://en.wikipedia.org/wiki/Wikipedia:Articles_for_creation
1917,End Game,2021,https://en.wikipedia.org/wiki/Ender%27s_Game
1920,Boonie Bears: The Wild Life,2021,https://en.wikipedia.org/wiki/Boonie_Bears
1923,1921,2021,https://en.wikipedia.org/wiki/1921_(2021_film)
1929,Nezha Reborn,2021,https://en.wikipedia.org/wiki/New_Gods:_Nezha_Reborn
1931,Man in Love,2021,https://en.wikipedia.org/wiki/Man_in_Love_(2021_film)
1932,Break Through the Darkness,2021,https://en.wikipedia.org/wiki/Break_Through!
1939,Love Will Tear Us Apart,2021,https://en.wikipedia.org/wiki/Love_Will_Tear_Us_Apart
1945,Tokyo Revengers,2021,https://en.wikipedia.org/wiki/Tokyo_Revengers
1950,The Yinyang Master,2021,https://en.wikipedia.org/wiki/The_Yinyang_Master
1951,Rurouni Kenshin: Final Chapter Part I - The Final,2021,https://en.wikipedia.org/wiki/Rurouni_Kenshin:_The_Final
1952,The Door Lock,2021,https://en.wikipedia.org/wiki/Mortise_lock
1953,I Fell in Love Like a Flower Bouquet,2021,https://en.wikipedia.org/wiki/Crocus
1955,Big Red Envelope,2021,https://en.wikipedia.org/wiki/Big_Red_Envelope
1956,Masquerade Night,2021,https://en.wikipedia.org/wiki/Vampire:_The_Masquerade
1957,Once Upon a Time in Hong Kong,2021,https://en.wikipedia.org/wiki/Once_Upon_a_Time_in_Hong_Kong_(2021_film)
1964,The Last Warrior: Root of Evil,2021,https://en.wikipedia.org/wiki/The_Last_Warrior:_Root_of_Evil
1965,The Last Warrior: A Messenger of Darkness,2021,https://en.wikipedia.org/wiki/The_Last_Warrior:_A_Messenger_of_Darkness
1972,The Day We Lit Up the Sky,2021,https://en.wikipedia.org/wiki/Playboi_Carti_discography
1976,Wish Dragon,2021,https://en.wikipedia.org/wiki/Wish_Dragon
1978,Les Tuche 4,2021,https://en.wikipedia.org/wiki/Les_Tuche_3
1983,Sinkhole,2021,https://en.wikipedia.org/wiki/Sinkhole_(film)
1984,Mobile Suit Gundam: Hathaway,2021,https://en.wikipedia.org/wiki/Mobile_Suit_Gundam:_Hathaway%27s_Flash
1985,The Stronghold,2021,https://en.wikipedia.org/wiki/Wikipedia:Articles_for_creation
1988,Gintama: The Final,2021,https://en.wikipedia.org/wiki/Gintama:_The_Very_Final
1991,Upon the Magic Roads,2021,https://en.wikipedia.org/wiki/Upon_the_Magic_Roads
1993,Your Turn to Kill,2021,https://en.wikipedia.org/wiki/Your_Turn_to_Kill
1996,Something About Love,2021,https://en.wikipedia.org/wiki/There%27s_Something_About_Mary
1998,The Tomorrow War,2021,https://en.wikipedia.org/wiki/The_Tomorrow_War
1999,"And, the Baton Was Passed",2021,"https://en.wikipedia.org/wiki/Baton_Rouge,_Louisiana"
2001,Crayon Shin-chan: Shrouded in Mystery! The Flowers of Tenkazu Academy,2021,https://en.wikipedia.org/wiki/Wikipedia:Articles_for_creation
2004,OSS 117: From Africa with Love,2021,https://en.wikipedia.org/wiki/OSS_117:_From_Africa_with_Love
2005,Hostage: Missing Celebrity,2021,https://en.wikipedia.org/wiki/Hostage:_Missing_Celebrity
2007,Vakeel Saab,2021,https://en.wikipedia.org/wiki/Vakeel_Saab
2008,Monkey King Reborn,2021,https://en.wikipedia.org/wiki/New_Gods:_Nezha_Reborn
2009,School of Magical Animals,2021,https://en.wikipedia.org/wiki/Magical_Sempai
2010,The Bodin's in the Land of Smile,2021,https://en.wikipedia.org/wiki/Niccol%C3%B2_Machiavelli
2012,The Fable: The Killer Who Doesn't Kill,2021,https://en.wikipedia.org/wiki/Fumino_Kimura
2013,What Did You Eat Yesterday?,2021,https://en.wikipedia.org/wiki/What_Did_You_Eat_Yesterday%3F
2015,Kaiserschmarrndrama,2021,https://en.wikipedia.org/wiki/Berger_Picard
2016,"Caution, Hazardous Wife: The Movie",2021,https://en.wikipedia.org/wiki/Shir%C5%8D_Sano
2017,Realm of Terracotta,2021,https://en.wikipedia.org/wiki/Elizabeth_II
2018,Detective Conan: The Scarlet Alibi,2021,https://en.wikipedia.org/wiki/List_of_Case_Closed_films
2020,¡A todo tren! Destino Asturias,2021,
2021,Baragaki: Unbroken Samurai,2021,https://en.wikipedia.org/wiki/Baragaki:_Unbroken_Samurai
2022,Ainbo,2021,https://en.wikipedia.org/wiki/Ainbo:_Spirit_of_the_Amazon
2024,The Eleventh Chapter,2021,https://en.wikipedia.org/wiki/The_Eleventh_Chapter
2026,Kaguya-sama: Love Is War,2021,https://en.wikipedia.org/wiki/Kaguya-sama:_Love_Is_War
2027,Honey Lemon Soda,2021,https://en.wikipedia.org/wiki/List_of_IBA_official_cocktails
2029,I Don't Have Any Money Left in My Retirement Account,2021,https://en.wikipedia.org/wiki/Individual_retirement_account
2030,White Snake 2: Green Snake,2021,https://en.wikipedia.org/wiki/White_Snake_2:_The_Tribulation_of_the_Green_Snake
2032,Hard Hit,2021,https://en.wikipedia.org/wiki/Hard_Hit
2033,Little Canned Men,2021,https://en.wikipedia.org/wiki/Baked_beans
2036,The Ice Road,2021,https://en.wikipedia.org/wiki/The_Ice_Road
2038,Signal: The Movie,2021,https://en.wikipedia.org/wiki/Signal_the_Movie
2039,Couple from the Future,2021,https://en.wikipedia.org/wiki/Couple_from_the_Future
2041,Extinct,2021,https://en.wikipedia.org/wiki/Wikipedia:Articles_for_creation
2055,Bheemla Nayak,2022,https://en.wikipedia.org/wiki/Bheemla_Nayak
2056,Super-héros malgré lui,2022,
2058,Maison de retraite,2022,https://en.wikipedia.org/wiki/List_of_the_oldest_living_people
2059,Valimai,2022,https://en.wikipedia.org/wiki/Valimai
2060,Wunderschön,2022,
2061,The Pirates: The Last Royal Treasure,2022,https://en.wikipedia.org/wiki/The_Pirates:_The_Last_Royal_Treasure
2063,Turning Red,2022,https://en.wikipedia.org/wiki/Turning_Red
2066,The Policeman's Lineage,2022,https://en.wikipedia.org/wiki/The_Policeman%27s_Lineage
2067,Adieu Monsieur Haffmann,2022,https://en.wikipedia.org/wiki/Philippe_Rousselet
2069,Chickenhare and the Hamster of Darkness,2022,https://en.wikipedia.org/wiki/NWave_Pictures
2071,Waiting for Bojangles,2022,https://en.wikipedia.org/wiki/Gregory_Hines
2073,Bheeshma Parvam,2022,https://en.wikipedia.org/wiki/Bheeshma_Parvam
2074,Maigret,2022,https://en.wikipedia.org/wiki/Maigret_(1960_TV_series)
2075,Koniec swiata czyli Kogel Mogel 4,2022,https://en.wikipedia.orghttps://en.wikipedia.org/wiki/Special:Search
2076,Special Delivery,2022,https://en.wikipedia.org/wiki/Special_Delivery_(2022_film)
2077,Between Two Worlds,2022,https://en.wikipedia.org/wiki/The_In_Between_(2022_film)
2078,Etharkkum Thunindhavan,2022,https://en.wikipedia.org/wiki/Etharkkum_Thunindhavan_(soundtrack)
2081,Permis de construire,2022,https://en.wikipedia.org/wiki/Tours_Sisters
2082,Chuyen Ma Gan Nhà,2022,
2083,¡Qué Despadre!,2022,
2084,The Glance of Music,2022,https://en.wikipedia.org/wiki/List_of_music_venues
2086,Around the World in 80 Days,2022,https://en.wikipedia.org/wiki/Around_the_World_in_80_Days_(2021_TV_series)
2088,Fireheart,2022,https://en.wikipedia.org/wiki/Wikipedia:Articles_for_creation
2089,Bergen,2022,https://en.wikipedia.org/wiki/Candice_Bergen_(politician)
2090,The Grandmother,2022,https://en.wikipedia.org/wiki/The_Grandmother_(2021_film)
2091,In Our Prime,2022,https://en.wikipedia.org/wiki/In_Our_Prime
2093,Hridayam,2022,https://en.wikipedia.org/wiki/Hridayam
2094,"Love, Sex & Pandemic",2022,https://en.wikipedia.org/wiki/Love_Sex_Aur_Dhokha
2096,Aaraattu,2022,https://en.wikipedia.org/wiki/Aaraattu_(2022_film)
2097,Heart of Oak,2022,https://en.wikipedia.org/wiki/Heart_of_Oak
2098,Gierek,2022,https://en.wikipedia.org/wiki/Martial_law_in_Poland
2099,Mister Knockout,2022,https://en.wikipedia.org/wiki/Mister_Knockout
2100,V lete ti poviem,2022,https://en.wikipedia.orghttps://en.wikipedia.org/wiki/Special:Search
2101,Love Is Better Than Life,2022,https://en.wikipedia.org/wiki/Better_Nate_Than_Ever_(film)
2103,A Radiant Girl,2022,https://en.wikipedia.org/wiki/Nimrat_Kaur
2104,Desperate for Marriage,2022,https://en.wikipedia.org/wiki/Desperate_for_Marriage
2106,Odinnadtsat molchalivykh muzhchin,2022,https://en.wikipedia.org/wiki/Eleven_Silent_Men
2107,The Butcher's Daughter,2022,https://en.wikipedia.org/wiki/The_Butcher%27s_Daughter
2108,Veerame Vaagai Soodum,2022,https://en.wikipedia.org/wiki/Veeramae_Vaagai_Soodum
2110,Aaja Mexico Challiye,2022,https://en.wikipedia.org/wiki/Aaja_Mexico_Challiye
2112,Krime Story,2022,https://en.wikipedia.org/wiki/King_Richard_(film)
2113,Alors on danse,2022,https://en.wikipedia.org/wiki/Alors_on_danse
2115,My Brothers and I,2022,https://en.wikipedia.org/wiki/My_Brothers_and_I
2116,Zero Fucks Given,2022,https://en.wikipedia.org/wiki/Brainfuck
2117,Adieu Paris,2022,https://en.wikipedia.org/wiki/Gaspard_Ulliel
2118,The Ancestral,2022,https://en.wikipedia.org/wiki/John_Carroll_Kirby
2120,Zlatni decko,2022,https://en.wikipedia.orghttps://en.wikipedia.org/wiki/Special:Search
2121,America Latina,2022,https://en.wikipedia.org/wiki/2022_in_American_television
2122,Meppadiyan,2022,https://en.wikipedia.org/wiki/Meppadiyan
2124,Liubov i blohery,2022,https://en.wikipedia.orghttps://en.wikipedia.org/wiki/Special:Search
2125,Lynx,2022,https://en.wikipedia.org/wiki/2022_Minnesota_Lynx_season
2126,Kaptan Pengu ve Arkadaslari 2,2022,https://en.wikipedia.org/wiki/List_of_highest-grossing_films_in_Turkey
2127,Benden Ne Olur,2022,https://en.wikipedia.org/wiki/Cem_Belevi
2128,Zaï Zaï Zaï Zaï,2022,
2129,Ik wist het,2022,https://en.wikipedia.org/wiki/Matt_Simons
2130,Serve the People,2022,https://en.wikipedia.org/wiki/Serve_the_People_(film)
2131,Full Time,2022,https://en.wikipedia.org/wiki/2022_IndyCar_Series
2132,Hey Sinamika,2022,https://en.wikipedia.org/wiki/Hey_Sinamika
2133,Milosc jest blisko,2022,https://en.wikipedia.org/wiki/Wojciech_Solarz
2134,Ek Love Ya,2022,https://en.wikipedia.org/wiki/Ek_Love_Ya
2135,How I Learned to Fly,2022,https://en.wikipedia.org/wiki/Julie_Stoffer
2136,Murder Party,2022,https://en.wikipedia.org/wiki/Murder_mystery_game
2137,Reunion 2,2022,https://en.wikipedia.org/wiki/R%C3%A9union
2138,Den slepogo valentina,2022,https://en.wikipedia.orghttps://en.wikipedia.org/wiki/Special:Search
2139,Betlémské svetlo,2022,
2141,The Best Weekend,2022,https://en.wikipedia.org/wiki/The_Weekend_Away
2142,Ali & Ava,2022,https://en.wikipedia.org/wiki/Ali
2144,The Contractor,2022,https://en.wikipedia.org/wiki/The_Contractor_(2022_film)
2145,C'era una volta il crimine,2022,https://en.wikipedia.org/wiki/Loretta_Goggi
2146,Un Rabón con Corazón,2022,
2148,L'ombra del giorno,2022,https://en.wikipedia.org/wiki/Benedetta_Porcaroli
2149,Nobody's Hero,2022,https://en.wikipedia.org/wiki/Nobody%27s_Heroes_(album)
2150,Kung Fu Zohra,2022,https://en.wikipedia.org/wiki/Shekhar_Kapur
2151,Three Times Nothing,2022,https://en.wikipedia.org/wiki/Josh_Wardle
2152,The Sadness,2022,https://en.wikipedia.org/wiki/The_Sadness
2153,Secret Name,2022,https://en.wikipedia.org/wiki/Secret_Service_code_name
2154,I Want to Talk About Duras,2022,https://en.wikipedia.org/wiki/Uday_Hussein
2155,A Change of Heart,2022,https://en.wikipedia.org/wiki/Mo_Heart
2157,The Bunker Game,2022,https://en.wikipedia.org/wiki/Old_Course_at_St_Andrews
2158,Naai Sekar,2022,https://en.wikipedia.org/wiki/Naai_Sekar
2159,Mahlûkat,2022,
2161,Cuarentones,2022,https://en.wikipedia.org/wiki/Gaby_Espino
2163,Super Sharanya,2022,https://en.wikipedia.org/wiki/Super_Sharanya
2164,Octonauts and the Caves of Sac Actun,2022,https://en.wikipedia.org/wiki/Octonauts
2165,Black Glasses,2022,https://en.wikipedia.org/wiki/Dark_Glasses
2166,Facing Monsters,2022,https://en.wikipedia.org/wiki/Monster_Hunter_Rise
2167,Rosy,2022,https://en.wikipedia.org/wiki/Desert_rosy_boa
2168,Malazgirt 1071,2022,https://en.wikipedia.org/wiki/Battle_of_Manzikert
2169,Anka,2022,https://en.wikipedia.org/wiki/Wikipedia:Articles_for_creation
2171,Arthur Rambo,2022,https://en.wikipedia.org/wiki/Rambo_(2008_film)
2173,Kernagis,2022,https://en.wikipedia.org/wiki/Vytautas_Kernagis
2175,Listeners: The Whispering,2022,https://en.wikipedia.org/wiki/Whispering