,Movie Title,Release-Date
1,Alice in Wonderland,3/5/2010
42,Step Up,8/6/2010
63,Aftershock,0
64,Umizaru 3: The Last Message,0
72,Bayside Shakedown 3: Set the Guys Loose,0
80,If You Are the One 2,0
83,Pokémon: Zoroark: Master of Illusions,0
84,A Turtle's Tale: Sammy's Adventures,0
99,Veda - Atatürk,0
111,Heartbreaker,0
113,StreetDance 2,0
115,The Man from Nowhere,0
120,SP: The Motion Picture I,0
121,Kokkuri-san: Gekijô-ban,0
123,Detective Conan: The Lost Ship in the Sky,0
124,Secret Reunion,0
129,The Extraordinary Adventures of Adèle Blanc-Sec,0
130,Camping 2,0
131,Arthur 3: The War of the Two Worlds,0
136,Sacrifice,0
137,The Lady Shogun and Her Men,0
144,Liar Game: The Final Stage,0
147,Da Xiao Jiang Hu,0
148,Act of Vengeance,0
149,Under the Hawthorn Tree,0
150,Recep Ivedik 3,0
152,22 Bullets,0
153,Inazuma Eleven GO the Movie: The Ultimate Bonds Gryphon,0
157,Astral City: A Spiritual Journey,0
158,71: Into the Fire,0
161,How Not to Rescue a Princess,0
162,About Her Brother,0
163,Trick the Movie: Psychic Battle Royale,0
166,Hot Summer Days,0
168,The Servant,3/16/1964
169,Norwegian Wood,1/6/2012
170,Head Over Heels,0
232,Hankyu Railways - A 15-minute Miracle,0
242,Rien à déclarer,0
243,Season of the Witch,1/7/2011
268,What a Beautiful Day,0
271,Beginning of the Great Revival,0
276,A Ghost of a Chance,0
277,War of the Arrows,0
278,Kokowääh,0
283,Detective Conan: Quarter of Silence,0
290,Gantz,0
292,SP: The Motion Picture II,0
295,Eiga Kaibutsukun,0
308,Gantz: Perfect Answer,0
309,Detective K: Secret of Virtuous Widow,0
312,"All's Well, Ends Well 2011",0
316,Doraemon: Nobita and the New Steel Troops: ~Winged Angels~,0
318,My Own Swordsman,0
319,You Are the Apple of My Eye,0
320,Torrente 4,0
322,Unfair: The Answer,0
323,Yolki 2,0
325,The Women on the 6th Floor,0
326,A Monster in Paris,0
327,Ivan Tsarevich & the Grey Wolf,0
330,Eyyvah Eyvah 2,0
331,In His Chart,0
334,Andalucia: Revenge of the Goddess,0
335,Qualunquemente,0
336,Friends: Naki on the Monster Island,0
337,Kamen Rider OOO Wonderful: The Shogun and the 21 Core Medals,0
338,Gooische vrouwen,0
339,The Immature,0
340,K-On! The Movie,0
341,Vicky and the Treasure of the Gods,0
342,The Front Line,0
343,Polisse,5/18/2012
344,Hollywoo,9/8/2006
345,Scabbard Samurai,0
346,Kaiji 2: The Ultimate Gambler,0
361,Les Misérables,12/25/2012
385,Lost in Thailand,0
390,Chinese Zodiac,0
418,Brave Hearts: Umizaru,0
426,The Grey,1/27/2012
428,Thermae Romae,0
429,One Piece Film Z,0
432,Bayside Shakedown the Final,0
438,Astérix and Obélix: God Save Britannia,0
439,Evangelion: 3.0 You Can (Not) Redo,0
446,Wolf Children,0
451,HOUBA! On the Trail of the Marsupilami,0
452,Tad: The Lost Explorer,0
453,A Turtle's Tale 2: Sammy's Escape from Paradise,0
456,A Werewolf Boy,0
457,Doraemon: Nobita and the Island of Miracles ~Animal Adventure~,0
458,Detective Conan: The Eleventh Striker,0
463,La vérité si je mens! 3,0
466,Rurouni Kenshin Part I: Origins,0
467,Conquest 1453,0
470,Welcome to the North,0
475,Adventures in Zambezia,0
477,Three Heroes on Distant Shores,0
481,Bait,0
483,Nameless Gangster: Rules of the Time,0
486,The Floating Castle,0
487,The Dream Team,0
491,The Grand Heist,0
494,All About My Wife,0
496,SPEC: Heaven,0
497,We Were There: True Love,0
501,Architecture 101,0
502,Lesson of the Evil,0
503,Agneepath,0
504,Rust and Bone,0
505,Head Over Heels 2,0
507,Herutâ sukerutâ,0
508,The Last Tycoon,0
509,Housefull 2,0
512,Liar Game: Reborn,0
513,Türkisch für Anfänger,0
515,"Little Brother, Big Trouble: A Christmas Adventure",0
517,Hotaru the Movie: It's Only a Little Light in My Life,0
518,Kon-Tiki,4/3/1951
520,Unbowed,0
521,Confession of Murder,0
522,Beasts of the Southern Wild,6/27/2012
562,The Secret Life of Walter Mitty,12/25/2013
586,Young Detective Dee: Rise of the Sea Dragon,0
598,American Dreams in China,0
601,Finding Mr. Right,0
602,The Fighter Pilot,0
603,The Attorney,0
607,Suck Me Shakespeer,0
613,Sole a catinelle,0
616,Stalingrad,0
629,Firestorm,0
640,Tiny Times 2.0,0
644,Badges of Fury,0
647,The White Storm,0
649,Secretly Greatly,0
650,"The Chef, The Actor, The Scoundrel",0
651,Doraemon: Nobita's Secret Gadget Museum,0
654,Lupin III vs. Detective Conan: The Movie,0
656,Antoine and Sebastian,0
657,Cold Eyes,0
658,Detective Conan: Private Eye in the Distant Sea,0
659,Dügün Dernek,0
662,Blind Detective,0
666,Midsummer's Equation,0
668,The After-Dinner Mysteries,0
671,101 Proposals,0
672,A Wedding Invitation,0
673,Silent Witness,0
675,Kokowääh 2,0
676,The Suspect,0
677,The Four 2,0
678,The Kiyosu Conference,0
687,We Are the Nobles,0
688,The Stolen Years,9/11/1998
689,One Night Surprise,0
690,Platinum Data,0
691,Gekijouban SPEC: Kurôzu - Zen no hen,0
694,"Me, Myself and Mum",0
698,Out of Inferno,0
699,Bring Happiness Home,0
700,Baggage Claim,9/27/2013
743,Breakup Buddies,0
744,Stand by Me Doraemon,0
750,The Taking of Tiger Mountain,0
764,The Breakup Guru,0
769,"Alexander and the Terrible, Horrible, No Good, Very Bad Day",10/10/2014
772,Ode to My Father,1/9/2015
773,Fleet of Time,0
782,Tiny Times 3.0,0
783,Gone with the Bullets,0
785,Spanish Affair,0
787,Head Full of Honey,11/30/2018
788,"I, Frankenstein",1/24/2014
790,My Old Classmate,0
791,The Bélier Family,0
798,Beijing Love Story,2/14/2014
799,The House That Never Dies,0
801,The Pirate Fairy,0
802,The Inbetweeners 2,0
804,The White Haired Witch of Lunar Kingdom,0
806,Miss Granny,0
810,Supercondriaque,0
812,Rurouni Kenshin Part II: Kyoto Inferno,0
818,Coming Home,0
824,Love on the Cloud,0
826,The Great Hypnotist,0
827,Asterix and Obelix: Mansion of the Gods,0
828,Thermae Romae II,0
829,Detective Conan: The Sniper from Another Dimension,0
830,Rurouni Kenshin: The Legend Ends,0
831,"As Above, So Below",8/29/2014
833,Boonie Bears: To the Rescue,0
835,Recep Ivedik 4,0
838,Samba,7/24/2015
839,Women Who Flirt,11/26/2014
845,Kundo: Age of the Rampant,0
846,When Marnie Was There,5/22/2015
847,Black & White: The Dawn of Justice,0
848,"My Love, Don't Cross That River",6/17/2016
849,Don't Go Breaking My Heart 2,0
851,Old Boys: The Way of the Dragon,0
852,Tinker Bell and the Legend of the NeverBeast,0
853,The Four 3,0
854,Tazza: The Hidden Card,0
855,Mrs. Brown's Boys D'Movie,0
856,Rise of the Legend,0
861,The Fatal Encounter,0
862,Maya the Bee Movie,5/1/2015
863,Pokémon the Movie: Diancie and the Cocoon of Destruction,0
864,The Divine Move,0
865,Nicholas on Holiday,0
866,Grace of Monaco,0
868,Joy of Fatherhood,0
870,Meet Miss Anxiety,0
871,"Love, Rosie",2/6/2015
874,Kung Fu Jungle,0
875,Hot Road,0
876,Fading Gigolo,4/18/2014
902,Mojin: The Lost Legend,12/18/2015
903,Lost in Hong Kong,9/25/2015
908,Goodbye Mr. Loser,10/9/2015
914,Jian Bing Man,0
919,From Vegas to Macau II,0
922,Ip Man 3,1/22/2016
924,Monkey King: Hero Is Back,7/29/2016
928,Mr. Six,0
931,Detective Chinatown,1/15/2016
939,Chronicles of the Ghostly Tribe,0
946,The Little Prince,8/5/2016
953,Suck Me Shakespeer 2,0
955,Wolf Warrior,0
956,Go Away Mr. Tumor,8/14/2015
959,The Left Ear,0
965,A Violent Prosecutor,0
967,Monk Comes Down the Mountain,0
968,Zhongkui: Snow Girl and the Dark Crystal,0
971,The Hundred Regiments Offensive,0
979,Forever Young,0
980,You Are My Sunshine,0
983,Detective Conan: Sunflowers of Inferno,0
987,Hollywood Adventures,0
988,"Yo-kai Watch Movie: It's the Secret of Birth, Meow!",0
990,The Boy and the Beast,0
994,Inside Men,0
995,Boonie Bears Winter,0
997,Let's Get Married,0
998,"McFarland, USA",2/20/2015
1001,Legend,12/14/2007
1006,Spanish Affair 2,0
1007,Northern Limit Line,7/17/2015
1008,Ex-Files 2: The Backup Strikes Back,0
1010,Boruto: Naruto The Movie,0
1015,The New Adventures of Aladdin,0
1016,Heidi,0
1018,Doraemon: Nobita and the Space Heroes,0
1021,The Witness,6/3/2016
1026,Saving Mr. Wu,10/2/2015
1032,Bride Wars,1/9/2009
1034,Detective K: Secret of the Lost Island,0
1035,To the Fore,8/7/2015
1037,Huevos: Little Rooster's Egg-cellent Adventure,9/4/2015
1038,Dügün Dernek 2: Sünnet,0
1039,Look Who's Back,0
1040,Serial Teachers 2,0
1080,The Monkey King 2,2/5/2016
1083,From Vegas to Macau III,0
1086,Operation Mekong,9/30/2016
1093,Time Raiders,0
1096,Skiptrace,9/2/2016
1100,I Belonged to You,9/30/2016
1104,Book of Love,0
1109,Cold War 2,7/8/2016
1110,Railroad Tigers,1/6/2017
1114,Train to Busan,7/22/2016
1117,Line Walker,0
1119,Big Fish & Begonia,4/6/2018
1124,Shin Godzilla,0
1127,Quo vado?,0
1130,I Am Not Madame Bovary,11/18/2016
1131,One Piece Film: Gold,0
1135,"Hail, Caesar!",2/5/2016
1137,L.O.R.D: Legend of Ravaging Dynasties,9/30/2016
1141,The Age of Shadows,9/23/2016
1142,A Chinese Odyssey: Part Three,0
1144,My Beloved Bodyguard,0
1146,Master,3/18/2022
1147,Doraemon the Movie: Nobita and the Birth of Japan,0
1148,The Wailing,5/20/2016
1149,Two Is a Family,0
1150,Luck-Key,0
1157,Boonie Bears: The Big Top Secret,0
1158,Café Society,7/15/2016
1159,League of Gods,0
1163,Love O2O,0
1166,My Mom Is a Character 2,0
1167,"Crouching Tiger, Hidden Dragon: Sword of Destiny",0
1169,Mission Milano,0
1170,The Handmaiden,10/21/2016
1172,Nobunaga Concerto: The Movie,0
1174,Os Dez Mandamentos - O Filme,0
1175,Bounty Hunters,0
1177,Assassination Classroom: The Graduation,0
1178,Billy Lynn's Long Halftime Walk,11/18/2016
1182,A Silent Voice: The Movie,0
1186,Flight Crew,0
1187,M.S. Dhoni: The Untold Story,9/30/2016
1188,Welcome to Germany,0
1192,Mr. Donkey,10/28/2016
1194,Call of Heroes,0
1197,Soulmate,0
1198,The Snow Queen 3: Fire and Ice,8/31/2018
1200,Camping 3,0
1203,Spirits' Homecoming,0
1208,The Choice,2/5/2016
1209,Penny Pincher!,0
1233,Never Say Die,0
1235,The Ex-File 3: The Return of The Exes,12/29/2017
1240,Kung Fu Yoga,1/27/2017
1243,Journey to the West: The Demons Strike Back,2/3/2017
1246,Youth,12/4/2015
1261,"Three Billboards Outside Ebbing, Missouri",11/22/2017
1262,Duckweed,2/10/2017
1273,Secret Superstar,10/20/2017
1276,Buddies in India,1/27/2017
1277,Along With the Gods: The Two Worlds,12/22/2017
1278,Immortal Demon Slayer,0
1281,Legend of the Demon Cat,0
1283,Chasing the Dragon,9/29/2017
1288,Fantastica: A Boonie Bears Adventure,6/14/2019
1292,Suck Me Shakespeer 3,0
1293,Detective Conan: Crimson Love Letter,0
1298,"Everything, Everything",5/19/2017
1299,Doraemon: Great Adventure in the Antarctic Kachi Kochi,0
1301,The Founding of an Army,0
1304,The Devotion of Suspect X,3/31/2017
1305,Shock Wave,5/5/2017
1306,Goldbuster,0
1309,Gongjo,0
1312,"I, Tonya",0
1313,1987: When the Day Comes,0
1314,Bleeding Steel,7/6/2018
1317,Sky Hunter,0
1320,Son of Bigfoot,5/4/2018
1321,The Thousand Faces of Dunjia,12/15/2017
1322,The Battleship Island,7/28/2017
1323,Hanson and the Beast,0
1324,Guilty of Mind,0
1327,Battle of Memories,4/28/2017
1331,Mary and the Witch's Flower,1/19/2018
1333,T2 Trainspotting,3/17/2017
1337,Midnight Runners,0
1338,Pokémon the Movie: I Choose You!,0
1340,The Adventurers,12/21/2011
1341,"Tad, the Lost Explorer, and the Secret of King Midas",0
1343,Namiya,1/5/2018
1344,Destiny: The Tale of Kamakura,0
1345,The Liquidator,0
1347,R.A.I.D. Special Unit,0
1349,I Want to Eat Your Pancreas,0
1351,Hindi Medium,0
1352,Steel Rain,0
1353,The Invisible Guest,0
1354,This Is Not What I Expected,5/5/2017
1357,The Swindlers,12/1/2017
1358,Alibi.com,0
1359,Sword Art Online the Movie: Ordinal Scale,0
1360,Recep Ivedik 5,0
1361,Judwaa 2,9/29/2017
1362,What Happened to Monday,0
1368,Badrinath Ki Dulhania,3/10/2017
1369,Love Off the Cuff,0
1370,Fireworks,7/4/2018
1373,The 8-Year Engagement,4/27/2012
1374,Jolly LLB 2,2/10/2017
1375,I Can Speak,0
1377,Extraordinary Mission,4/7/2017
1378,The Glass Castle,8/11/2017
1379,Épouse-moi mon pote,0
1392,Operation Red Sea,2/23/2018
1393,Detective Chinatown 2,2/16/2018
1398,Dying to Survive,8/9/2019
1405,Hello Mr. Billionaire,0
1417,Us and Them,3/16/2018
1418,The Island,0
1421,Project Gutenberg,0
1429,How Long Will I Love U,5/25/2018
1433,A Cool Fish,11/16/2018
1436,The Monkey King 3,2/16/2018
1440,Detective Conan: Zero the Enforcer,0
1442,Along With the Gods: The Last 49 Days,8/1/2018
1444,Boonie Bears: The Big Shrink,0
1447,Kill Mobile,0
1454,Detective Dee: The Four Heavenly Kings,7/27/2018
1455,"Hello, Mrs. Money",10/5/2018
1458,Doraemon the Movie: Nobita's Treasure Island,0
1461,Code Blue: The Movie,0
1468,Amazing China,0
1471,"Love, Simon",3/16/2018
1474,L Storm,0
1475,Capernaum,0
1477,Andhadhun,0
1480,A or B,0
1481,Go Brother!,0
1487,Cry Me a Sad River,0
1490,Golden Job,9/28/2018
1494,Asterix: The Secret of the Magic Potion,0
1497,Long Day's Journey Into Night,0
1501,Intimate Strangers,0
1502,Thugs of Hindostan,11/8/2018
1503,Sink or Swim,0
1505,The Spy Gone North,8/10/2018
1507,Taxi 5,0
1508,Fat Buddies,0
1509,Till The End Of The World,2/2/2018
1510,Nothing to Lose,0
1511,T-34,0
1512,Mia and the White Lion,4/12/2019
1515,Baaghi 2,3/30/2018
1521,Gintama 2: Rules are Made to be Broken,0
1522,The Way of the Bug,0
1524,Dark Figure of Crime,0
1525,Pad Man,2/9/2018
1526,Mirai,11/29/2018
1527,Default,10/17/2014
1528,One Cut of the Dead,9/13/2019
1531,The Faces of My Gene,0
1532,Hichki,3/23/2018
1534,"Paul, Apostle of Christ",3/23/2018
1536,The Witch: Part 1 - The Subversion,0
1537,The Accidental Detective 2: In Action,6/22/2018
1538,Killing for the Prosecution,0
1539,Pokémon the Movie: The Power of Us,0
1540,The Guernsey Literary and Potato Peel Pie Society,0
1541,The Crimes That Bind,0
1543,Won't You Be My Neighbor?,6/8/2018
1544,Europe Raiders,0
1545,Mojin: The Worm Valley,1/4/2019
1546,Stree,0
1563,"My People, My Country",0
1564,Pokémon Detective Pikachu,5/10/2019
1566,The Captain,0
1573,Crazy Alien,0
1583,Better Days,11/8/2019
1590,Sheep Without a Shepherd,12/19/2019
1591,The White Storm 2: Drug Lords,0
1609,P Storm,0
1610,Detective Conan: The Fist of Blue Sapphire,0
1613,Boonie Bears: Blast Into the Past,0
1616,Line Walker 2: Invisible Spy,8/16/2019
1617,The New King of Comedy,0
1623,Serial (Bad) Weddings 2,0
1624,One Piece: Stampede,0
1635,Eiga Doraemon: Nobita no getsumen tansaki,0
1637,White Snake,11/15/2019
1641,My Best Summer,0
1643,Jade Dynasty,0
1644,Das perfekte Geheimnis,0
1645,The Big Shot,0
1652,Song of Youth,0
1655,The Legend of Hei,0
1660,Chasing the Dragon II: Wild Wild Bunch,6/7/2019
1665,A Shaun the Sheep Movie: Farmageddon,0
1667,Masquerade Hotel,0
1670,A Witness Out of the Blue,0
1672,The Queen's Corgi,0
1673,The Battle: Roar to Victory,8/16/2019
1677,Fly Me to the Saitama,0
1680,Hit Me Anyone One More Time!,0
1681,Somewhere Winter,0
1683,Two Tigers,0
1685,My Dear Liar,11/8/2019
1686,The Wild Goose Lake,0
1688,Fall In Love At First Kiss,0
1689,Kim Ji-young: Born 1982,0
1690,Pokémon: Mewtwo Strikes Back - Evolution,0
1691,Almost a Comedy,0
1692,Total Dhamaal,2/22/2019
1695,The Confidence Man JP: The Movie,0
1696,Bodies at Rest,0
1699,Son of a Rich,0
1700,Skyfire,2/12/2021
1701,Start-Up,0
1703,A Rainy Day in New York,10/9/2020
1705,Little White Lies 2,0
1706,Ossan's Love: Love or Dead,0
1707,Only Cloud Knows,12/20/2019
1710,The Knight of Shadows: Between Yin and Yang,0
1713,Crazy Romance,0
1717,The Specials,9/18/2000
1718,Always Miss You,5/3/2019
1719,An Officer and a Spy,0
1720,Crayon Shin-chan: Honeymoon Hurricane - The Lost Hiroshi,0
1721,Greta,3/1/2019
1722,Peppa Celebrates Chinese New Year,2/5/2019
1726,"My People, My Homeland",10/9/2020
1729,Legend of Deification,0
1730,A Little Red Flower,0
1732,Shock Wave 2,12/24/2020
1734,The Sacrifice,5/9/1986
1737,Warm Hug,0
1738,Soul,11/7/2008
1740,Caught in Time,0
1741,The Yin-Yang Master: Dream of Eternity,0
1742,Mulan,0
1743,Greenland,0
1744,Tolo Tolo,0
1748,"From Today, It's My Turn: The Movie",0
1749,Trolls 2: World Tour,0
1750,Tanhaji: The Unsung Warrior,0
1752,The End of Endless Love,0
1758,New Interpretation Records of the Three Kingdoms,0
1759,The Confidence Man JP: Princess,0
1760,The Man Standing Next,1/31/2020
1761,My Mom is a Character 3,0
1762,Doraemon the Movie: Nobita's New Dinosaur,0
1766,Bath Buddy,0
1767,Ala Vaikunthapurramuloo,0
1768,The Witches,12/25/2022
1772,Poupelle of Chimney Town,12/30/2021
1773,Stigmatized Properties,0
1774,Pokémon the Movie: Secrets of the Jungle,0
1776,Violet Evergarden: The Movie,3/30/2021
1780,Takizawa Enbujo Zero,0
1781,The Promised Neverland,0
1782,Kaiji: Final Game,0
1783,Hitman: Agent Jun,0
1784,Digimon Adventure: Last Evolution Kizuna,0
1786,Bye Bye Morons,0
1790,Padre no hay más que uno 2: La llegada de la suegra,0
1792,Nightlife,0
1793,Howling Village,8/13/2021
1795,Samjin Company English Class,0
1797,Shinchan: Crash! Scribble Kingdom and Almost Four Heroes,0
1798,Ducobu 3,0
1799,Wotakoi: Love Is Hard for Otaku,0
1802,30 jours max,0
1803,The Voice of Sin,0
1804,Bigfoot Family,0
1805,Me contro Te - Il film: La vendetta del Signor S,0
1807,Street Dancer 3D,0
1808,My Spy,6/26/2020
1809,The Asadas,0
1810,Stolen Identity 2,0
1811,10 Days with Dad,0
1812,Secret Zoo,0
1813,365 Days,0
1814,Okay Madam,0
1815,Malasaña 32,0
1816,Break the Silence: The Movie,9/24/2020
1817,I Hate Summer,0
1819,Les blagues de Toto,0
1820,The Secret Garden,0
1821,Eltilerin Savasi,0
1822,Two by Two: Overboard!,0
1824,Your Eyes Tell,0
1825,AI Amok,0
1826,The Lost Prince,0
1827,Antoinette dans les Cévennes,0
1828,Antebellum,0
1829,The Marriage Escape,0
1830,The Heist of the Century,0
1831,De Gaulle,10/22/2021
1832,Fukushima 50,0
1833,"Turu, the Wacky Hen",0
1834,Back to the Wharf,0
1835,Adu,0
1837,Spycies,0
1838,Jim Button and the Wild 13,0
1839,Dragon Rider,0
1840,Psy 3: W imie zasad,0
1841,Blood Moon Party,0
1842,Shubh Mangal Zyada Saavdhan,0
1844,Hammamet,0
1845,Lindenberg! Mach dein Ding,0
1846,Midnight Swan,0
1847,Simply Black,0
1850,Hotel Belgrade,0
1851,How to Be a Good Wife,0
1852,The Legacy Of Dr. Death: Black File,0
1854,Jak zostalem gangsterem. Historia prawdziwa,0
1855,Twiceborn,10/16/2020
1856,Beasts Clawing at Straws,10/21/2020
1857,Klassikokkutulek 2: Pulmad ja matused,0
1858,Mama Weed,0
1859,Divorce Club,0
1860,Cindy La Regia,0
1861,Love Aaj Kal,0
1862,Masked Ward,0
1863,Ayyappanum Koshiyum,0
1864,Baba Parasi,0
1865,Die Känguru-Chroniken,0
1866,The Real Exorcist,8/28/2020
1867,Mayday,10/1/2021
1868,Made in Abyss: Dawn of the Deep Soul,0
1869,Godai - The Wunderkind,0
1870,Military Wives,0
1871,Streltsov,0
1874,The Vets,0
1875,The Broken Hearts Gallery,9/11/2020
1880,Detective Chinatown 3,0
1892,"My Country, My Parents",10/8/2021
1897,Chinese Doctors,7/30/2021
1898,Cliff Walkers,4/30/2021
1904,A Writer's Odyssey,2/12/2021
1908,Be Somebody,6/10/2016
1915,Detective Conan: The Scarlet Bullet,0
1916,Evangelion: 3.0+1.01 Thrice Upon a Time,0
1917,End Game,0
1920,Boonie Bears: The Wild Life,0
1923,1921,0
1928,Cloudy Mountain,10/22/2021
1929,Nezha Reborn,0
1931,Man in Love,0
1932,Break Through the Darkness,0
1934,Schemes in Antiques,12/17/2021
1935,Luca,6/18/2021
1939,Love Will Tear Us Apart,0
1945,Tokyo Revengers,0
1950,The Yinyang Master,0
1951,Rurouni Kenshin: Final Chapter Part I - The Final,0
1952,The Door Lock,0
1953,I Fell in Love Like a Flower Bouquet,0
1955,Big Red Envelope,0
1956,Masquerade Night,0
1957,Once Upon a Time in Hong Kong,0
1964,The Last Warrior: Root of Evil,0
1965,The Last Warrior: A Messenger of Darkness,0
1972,The Day We Lit Up the Sky,0
1976,Wish Dragon,0
1978,Les Tuche 4,0
1980,Parallel Mothers,12/24/2022
1983,Sinkhole,0
1984,Mobile Suit Gundam: Hathaway,0
1985,The Stronghold,0
1988,Gintama: The Final,0
1989,Railway Heroes,11/25/2021
1991,Upon the Magic Roads,0
1993,Your Turn to Kill,0
1996,Something About Love,0
1998,The Tomorrow War,0
1999,"And, the Baton Was Passed",0
2001,Crayon Shin-chan: Shrouded in Mystery! The Flowers of Tenkazu Academy,0
2004,OSS 117: From Africa with Love,0
2005,Hostage: Missing Celebrity,0
2006,Eiffel,4/15/2022
2007,Vakeel Saab,0
2008,Monkey King Reborn,0
2009,School of Magical Animals,0
2010,The Bodin's in the Land of Smile,0
2012,The Fable: The Killer Who Doesn't Kill,0
2013,What Did You Eat Yesterday?,0
2015,Kaiserschmarrndrama,0
2016,"Caution, Hazardous Wife: The Movie",0
2017,Realm of Terracotta,0
2018,Detective Conan: The Scarlet Alibi,0
2019,Black Box,4/29/2022
2020,¡A todo tren! Destino Asturias,0
2021,Baragaki: Unbroken Samurai,0
2022,Ainbo,0
2023,All About My Mother,11/24/1999
2024,The Eleventh Chapter,0
2025,The Vault,3/26/2021
2026,Kaguya-sama: Love Is War,0
2027,Honey Lemon Soda,0
2028,The Protégé,8/20/2021
2029,I Don't Have Any Money Left in My Retirement Account,0
2030,White Snake 2: Green Snake,0
2031,Lost Illusions,6/10/2022
2032,Hard Hit,0
2033,Little Canned Men,0
2036,The Ice Road,0
2037,'83,12/23/2021
2038,Signal: The Movie,0
2039,Couple from the Future,0
2040,Sooryavanshi,11/5/2021
2041,Extinct,0
2055,Bheemla Nayak,0
2056,Super-héros malgré lui,0
2058,Maison de retraite,0
2059,Valimai,0
2060,Wunderschön,0
2061,The Pirates: The Last Royal Treasure,0
2063,Turning Red,0
2064,The Bad Guys,4/22/2022
2066,The Policeman's Lineage,0
2067,Adieu Monsieur Haffmann,0
2068,The Duke,4/22/2022
2069,Chickenhare and the Hamster of Darkness,0
2071,Waiting for Bojangles,0
2072,Ambulance,4/8/2022
2073,Bheeshma Parvam,0
2074,Maigret,0
2075,Koniec swiata czyli Kogel Mogel 4,0
2076,Special Delivery,0
2077,Between Two Worlds,0
2078,Etharkkum Thunindhavan,0
2081,Permis de construire,0
2082,Chuyen Ma Gan Nhà,0
2083,¡Qué Despadre!,0
2084,The Glance of Music,0
2086,Around the World in 80 Days,0
2087,The Exorcism of God,3/11/2022
2088,Fireheart,0
2089,Bergen,0
2090,The Grandmother,0
2091,In Our Prime,0
2093,Hridayam,0
2094,"Love, Sex & Pandemic",0
2096,Aaraattu,0
2097,Heart of Oak,0
2098,Gierek,0
2099,Mister Knockout,0
2100,V lete ti poviem,0
2101,Love Is Better Than Life,0
2102,Swingers,1/27/2022
2103,A Radiant Girl,0
2104,Desperate for Marriage,0
2105,Badhaai Do,2/11/2022
2106,Odinnadtsat molchalivykh muzhchin,0
2107,The Butcher's Daughter,0
2108,Veerame Vaagai Soodum,0
2110,Aaja Mexico Challiye,0
2112,Krime Story,0
2113,Alors on danse,0
2114,The Souvenir,5/17/2019
2115,My Brothers and I,0
2116,Zero Fucks Given,0
2117,Adieu Paris,0
2118,The Ancestral,0
2119,Boiling Point,11/19/2021
2120,Zlatni decko,0
2121,America Latina,0
2122,Meppadiyan,0
2123,Official Competition,6/17/2022
2124,Liubov i blohery,0
2125,Lynx,0
2126,Kaptan Pengu ve Arkadaslari 2,0
2127,Benden Ne Olur,0
2128,Zaï Zaï Zaï Zaï,0
2129,Ik wist het,0
2130,Serve the People,0
2131,Full Time,0
2132,Hey Sinamika,0
2133,Milosc jest blisko,0
2134,Ek Love Ya,0
2135,How I Learned to Fly,0
2136,Murder Party,0
2137,Reunion 2,0
2138,Den slepogo valentina,0
2139,Betlémské svetlo,0
2141,The Best Weekend,0
2142,Ali & Ava,0
2143,Nitram,3/30/2022
2144,The Contractor,0
2145,C'era una volta il crimine,0
2146,Un Rabón con Corazón,0
2148,L'ombra del giorno,0
2149,Nobody's Hero,0
2150,Kung Fu Zohra,0
2151,Three Times Nothing,0
2152,The Sadness,0
2153,Secret Name,0
2154,I Want to Talk About Duras,0
2155,A Change of Heart,0
2156,Last Looks,2/4/2022
2157,The Bunker Game,0
2158,Naai Sekar,0
2159,Mahlûkat,0
2161,Cuarentones,0
2162,My Wonderful Wanda,4/23/2021
2163,Super Sharanya,0
2164,Octonauts and the Caves of Sac Actun,0
2165,Black Glasses,0
2166,Facing Monsters,0
2167,Rosy,0
2168,Malazgirt 1071,0
2169,Anka,0
2170,Jane by Charlotte,3/18/2022
2171,Arthur Rambo,0
2172,Bachchhan Paandey,3/18/2022
2173,Kernagis,0
2174,Stop-Zemlia,1/21/2022
2175,Listeners: The Whispering,0
